,epitope,epitope_gene,epitope_species,species,cdr3b,mhc,source,label,sentence
LPRRSGAAGA_CASSEGLLYEQYF,LPRRSGAAGA,,Influenza,Human,CASSEGLLYEQYF,HLA-B7,McPAS,1,"[2, 15, 19, 21, 21, 22, 11, 5, 5, 11, 5, 3, 2, 7, 5, 22, 22, 9, 11, 15, 15, 28, 9, 20, 28, 10, 3, 0, 0, 0, 0, 0, 0, 0, 0, 0, 0, 0, 0, 0]"
SFHSLHLLF_CASGLGTDTQYF,SFHSLHLLF,,HTLV-1,Human,CASGLGTDTQYF,HLA-A*24:02,McPAS,1,"[2, 22, 10, 12, 22, 15, 12, 15, 15, 10, 3, 2, 7, 5, 22, 11, 15, 11, 23, 8, 23, 20, 28, 10, 3, 0, 0, 0, 0, 0, 0, 0, 0, 0, 0, 0, 0, 0, 0, 0]"
GILGFVFTL_CASGGTGIDEAFF,GILGFVFTL,,Influenza,Human,CASGGTGIDEAFF,HLA-A*02:05,Control,0,"[2, 11, 13, 15, 11, 10, 25, 10, 23, 15, 3, 2, 7, 5, 22, 11, 11, 23, 11, 13, 8, 9, 5, 10, 10, 3, 0, 0, 0, 0, 0, 0, 0, 0, 0, 0, 0, 0, 0, 0]"
GILGFVFTL_CASSIRSGETQYF,GILGFVFTL,M,InfluenzaA,HomoSapiens,CASSIRSGETQYF,HLA-A*02:01,VDJdb,1,"[2, 11, 13, 15, 11, 10, 25, 10, 23, 15, 3, 2, 7, 5, 22, 22, 13, 21, 22, 11, 9, 23, 20, 28, 10, 3, 0, 0, 0, 0, 0, 0, 0, 0, 0, 0, 0, 0, 0, 0]"
GLCTLVAML_CASSLSVGGEQFF,GLCTLVAML,,Epstein Barr virus (EBV),Human,CASSLSVGGEQFF,HLA-A2,Control,0,"[2, 11, 15, 7, 23, 15, 25, 5, 16, 15, 3, 2, 7, 5, 22, 22, 15, 22, 25, 11, 11, 9, 20, 10, 10, 3, 0, 0, 0, 0, 0, 0, 0, 0, 0, 0, 0, 0, 0, 0]"
ASNENMETM_CASSMGASSYEQYF,ASNENMETM,,Influenza,Mouse,CASSMGASSYEQYF,H-2b,Control,0,"[2, 5, 22, 17, 9, 17, 16, 9, 23, 16, 3, 2, 7, 5, 22, 22, 16, 11, 5, 22, 22, 28, 9, 20, 28, 10, 3, 0, 0, 0, 0, 0, 0, 0, 0, 0, 0, 0, 0, 0]"
LPRRSGAAGA_CASSLRESYNEQFF,LPRRSGAAGA,,Influenza,Human,CASSLRESYNEQFF,HLA-B7,McPAS,1,"[2, 15, 19, 21, 21, 22, 11, 5, 5, 11, 5, 3, 2, 7, 5, 22, 22, 15, 21, 9, 22, 28, 17, 9, 20, 10, 10, 3, 0, 0, 0, 0, 0, 0, 0, 0, 0, 0, 0, 0]"
GILGFVFTL_CASSSRAVDEQYF,GILGFVFTL,,Influenza,Human,CASSSRAVDEQYF,HLA-A2,McPAS,1,"[2, 11, 13, 15, 11, 10, 25, 10, 23, 15, 3, 2, 7, 5, 22, 22, 22, 21, 5, 25, 8, 9, 20, 28, 10, 3, 0, 0, 0, 0, 0, 0, 0, 0, 0, 0, 0, 0, 0, 0]"
LPRRSGAAGA_CASSSGTSGSSYEQYF,LPRRSGAAGA,,Influenza,Human,CASSSGTSGSSYEQYF,HLA-B7,McPAS,1,"[2, 15, 19, 21, 21, 22, 11, 5, 5, 11, 5, 3, 2, 7, 5, 22, 22, 22, 11, 23, 22, 11, 22, 22, 28, 9, 20, 28, 10, 3, 0, 0, 0, 0, 0, 0, 0, 0, 0, 0]"
GILGFVFTL_CASSRLTGGSYNEQFF,GILGFVFTL,,Influenza,Human,CASSRLTGGSYNEQFF,HLA-A*02,Control,0,"[2, 11, 13, 15, 11, 10, 25, 10, 23, 15, 3, 2, 7, 5, 22, 22, 21, 15, 23, 11, 11, 22, 28, 17, 9, 20, 10, 10, 3, 0, 0, 0, 0, 0, 0, 0, 0, 0, 0, 0]"
LPRRSGAAGA_CASSLGQGGYEQFF,LPRRSGAAGA,,Influenza,Human,CASSLGQGGYEQFF,HLA-B7,McPAS,1,"[2, 15, 19, 21, 21, 22, 11, 5, 5, 11, 5, 3, 2, 7, 5, 22, 22, 15, 11, 20, 11, 11, 28, 9, 20, 10, 10, 3, 0, 0, 0, 0, 0, 0, 0, 0, 0, 0, 0, 0]"
GILGFVFTL_CSAMGQGTDTQYF,GILGFVFTL,M1,IAV,human,CSAMGQGTDTQYF,HLA-A*02:01,Control,0,"[2, 11, 13, 15, 11, 10, 25, 10, 23, 15, 3, 2, 7, 22, 5, 16, 11, 20, 11, 23, 8, 23, 20, 28, 10, 3, 0, 0, 0, 0, 0, 0, 0, 0, 0, 0, 0, 0, 0, 0]"
LPRRSGAAGA_CASSQEETGAYEQYF,LPRRSGAAGA,,Influenza,Human,CASSQEETGAYEQYF,HLA-B7,McPAS,1,"[2, 15, 19, 21, 21, 22, 11, 5, 5, 11, 5, 3, 2, 7, 5, 22, 22, 20, 9, 9, 23, 11, 5, 28, 9, 20, 28, 10, 3, 0, 0, 0, 0, 0, 0, 0, 0, 0, 0, 0]"
KLWASPLHV_CASSRTASYGYTF,KLWASPLHV,,Neoantigen,Human,CASSRTASYGYTF,HLA-A2,Control,0,"[2, 14, 15, 26, 5, 22, 19, 15, 12, 25, 3, 2, 7, 5, 22, 22, 21, 23, 5, 22, 28, 11, 28, 23, 10, 3, 0, 0, 0, 0, 0, 0, 0, 0, 0, 0, 0, 0, 0, 0]"
SSLENFRAYV_CASIPAGTGGYEQYF,SSLENFRAYV,,Influenza,Mouse,CASIPAGTGGYEQYF,H-2b,Control,0,"[2, 22, 22, 15, 9, 17, 10, 21, 5, 28, 25, 3, 2, 7, 5, 22, 13, 19, 5, 11, 23, 11, 11, 28, 9, 20, 28, 10, 3, 0, 0, 0, 0, 0, 0, 0, 0, 0, 0, 0]"
NLVPMVATV_CASSQLLSTGVEQFF,NLVPMVATV,,Cytomegalovirus (CMV),Human,CASSQLLSTGVEQFF,HLA-A*02,Control,0,"[2, 17, 15, 25, 19, 16, 25, 5, 23, 25, 3, 2, 7, 5, 22, 22, 20, 15, 15, 22, 23, 11, 25, 9, 20, 10, 10, 3, 0, 0, 0, 0, 0, 0, 0, 0, 0, 0, 0, 0]"
LPRRSGAAGA_CASSPGQGRDEQFF,LPRRSGAAGA,,Influenza,Human,CASSPGQGRDEQFF,HLA-B7,McPAS,1,"[2, 15, 19, 21, 21, 22, 11, 5, 5, 11, 5, 3, 2, 7, 5, 22, 22, 19, 11, 20, 11, 21, 8, 9, 20, 10, 10, 3, 0, 0, 0, 0, 0, 0, 0, 0, 0, 0, 0, 0]"
VVMSWAPPV_CASSWGGGGAYNEQFF,VVMSWAPPV,,Neoantigen,Human,CASSWGGGGAYNEQFF,HLA-A2,Control,0,"[2, 25, 25, 16, 22, 26, 5, 19, 19, 25, 3, 2, 7, 5, 22, 22, 26, 11, 11, 11, 11, 5, 28, 17, 9, 20, 10, 10, 3, 0, 0, 0, 0, 0, 0, 0, 0, 0, 0, 0]"
SSLENFRAYV_CASSSGQAPLF,SSLENFRAYV,PA,IAV,mouse,CASSSGQAPLF,H2-Db,Dash,1,"[2, 22, 22, 15, 9, 17, 10, 21, 5, 28, 25, 3, 2, 7, 5, 22, 22, 22, 11, 20, 5, 19, 15, 10, 3, 0, 0, 0, 0, 0, 0, 0, 0, 0, 0, 0, 0, 0, 0, 0]"
SLYNTVATL_CASSYRGLKEQYF,SLYNTVATL,Gag,HIV-1,HomoSapiens,CASSYRGLKEQYF,HLA-A*02:01,VDJdb,1,"[2, 22, 15, 28, 17, 23, 25, 5, 23, 15, 3, 2, 7, 5, 22, 22, 28, 21, 11, 15, 14, 9, 20, 28, 10, 3, 0, 0, 0, 0, 0, 0, 0, 0, 0, 0, 0, 0, 0, 0]"
GILGFVFTL_CASSQDLIYEQFF,GILGFVFTL,,Influenza,Human,CASSQDLIYEQFF,HLA-A2,Control,0,"[2, 11, 13, 15, 11, 10, 25, 10, 23, 15, 3, 2, 7, 5, 22, 22, 20, 8, 15, 13, 28, 9, 20, 10, 10, 3, 0, 0, 0, 0, 0, 0, 0, 0, 0, 0, 0, 0, 0, 0]"
ATDALMTGY_CASTPSGGDTGELFF,ATDALMTGY,NS3,HCV,HomoSapiens,CASTPSGGDTGELFF,HLA-A*01:01,Control,0,"[2, 5, 23, 8, 5, 15, 16, 23, 11, 28, 3, 2, 7, 5, 22, 23, 19, 22, 11, 11, 8, 23, 11, 9, 15, 10, 10, 3, 0, 0, 0, 0, 0, 0, 0, 0, 0, 0, 0, 0]"
LPRRSGAAGA_CASSQEEVSNQPQHF,LPRRSGAAGA,,Influenza,Human,CASSQEEVSNQPQHF,HLA-B7,McPAS,1,"[2, 15, 19, 21, 21, 22, 11, 5, 5, 11, 5, 3, 2, 7, 5, 22, 22, 20, 9, 9, 25, 22, 17, 20, 19, 20, 12, 10, 3, 0, 0, 0, 0, 0, 0, 0, 0, 0, 0, 0]"
LPRRSGAAGA_CASSGTVYIQPQHF,LPRRSGAAGA,,Influenza,Human,CASSGTVYIQPQHF,HLA-B7,Control,0,"[2, 15, 19, 21, 21, 22, 11, 5, 5, 11, 5, 3, 2, 7, 5, 22, 22, 11, 23, 25, 28, 13, 20, 19, 20, 12, 10, 3, 0, 0, 0, 0, 0, 0, 0, 0, 0, 0, 0, 0]"
FRCPRRFCF_CASSGTYYGYTF,FRCPRRFCF,UL29/28,CMV,HomoSapiens,CASSGTYYGYTF,HLA-C*07:02,Control,0,"[2, 10, 21, 7, 19, 21, 21, 10, 7, 10, 3, 2, 7, 5, 22, 22, 11, 23, 28, 28, 11, 28, 23, 10, 3, 0, 0, 0, 0, 0, 0, 0, 0, 0, 0, 0, 0, 0, 0, 0]"
SSLENFRAYV_CASSLDRGQLF,SSLENFRAYV,,Influenza,Mouse,CASSLDRGQLF,H-2b,McPAS,1,"[2, 22, 22, 15, 9, 17, 10, 21, 5, 28, 25, 3, 2, 7, 5, 22, 22, 15, 8, 21, 11, 20, 15, 10, 3, 0, 0, 0, 0, 0, 0, 0, 0, 0, 0, 0, 0, 0, 0, 0]"
SSLENFRAYV_CASSWGNEQYF,SSLENFRAYV,PA,IAV,mouse,CASSWGNEQYF,H2-Db,Dash,1,"[2, 22, 22, 15, 9, 17, 10, 21, 5, 28, 25, 3, 2, 7, 5, 22, 22, 26, 11, 17, 9, 20, 28, 10, 3, 0, 0, 0, 0, 0, 0, 0, 0, 0, 0, 0, 0, 0, 0, 0]"
KRWIILGLNK_CASTLLDTYGYTF,KRWIILGLNK,Gag,HIV-1,HomoSapiens,CASTLLDTYGYTF,HLA-B*27,Control,0,"[2, 14, 21, 26, 13, 13, 15, 11, 15, 17, 14, 3, 2, 7, 5, 22, 23, 15, 15, 8, 23, 28, 11, 28, 23, 10, 3, 0, 0, 0, 0, 0, 0, 0, 0, 0, 0, 0, 0, 0]"
ASNENMETM_CASSFVLNNQAPLF,ASNENMETM,NP,IAV,mouse,CASSFVLNNQAPLF,H2-Db,Dash,1,"[2, 5, 22, 17, 9, 17, 16, 9, 23, 16, 3, 2, 7, 5, 22, 22, 10, 25, 15, 17, 17, 20, 5, 19, 15, 10, 3, 0, 0, 0, 0, 0, 0, 0, 0, 0, 0, 0, 0, 0]"
NEGVKAAW_CAWSVGSGSGSEQYF,NEGVKAAW,IE2,CMV,HomoSapiens,CAWSVGSGSGSEQYF,HLA-B*44,Control,0,"[2, 17, 9, 11, 25, 14, 5, 5, 26, 3, 2, 7, 5, 26, 22, 25, 11, 22, 11, 22, 11, 22, 9, 20, 28, 10, 3, 0, 0, 0, 0, 0, 0, 0, 0, 0, 0, 0, 0, 0]"
LPRRSGAAGA_CASSSSGGGETQYF,LPRRSGAAGA,,Influenza,Human,CASSSSGGGETQYF,HLA-B7,Control,0,"[2, 15, 19, 21, 21, 22, 11, 5, 5, 11, 5, 3, 2, 7, 5, 22, 22, 22, 22, 11, 11, 11, 9, 23, 20, 28, 10, 3, 0, 0, 0, 0, 0, 0, 0, 0, 0, 0, 0, 0]"
GLCTLVAML_CSVRGQGDEQF,GLCTLVAML,,Epstein Barr virus (EBV),Human,CSVRGQGDEQF,HLA-A*02,McPAS,1,"[2, 11, 15, 7, 23, 15, 25, 5, 16, 15, 3, 2, 7, 22, 25, 21, 11, 20, 11, 8, 9, 20, 10, 3, 0, 0, 0, 0, 0, 0, 0, 0, 0, 0, 0, 0, 0, 0, 0, 0]"
GILGFVFTL_CASSGRSLEEQYF,GILGFVFTL,,Influenza,Human,CASSGRSLEEQYF,HLA-A2,McPAS,1,"[2, 11, 13, 15, 11, 10, 25, 10, 23, 15, 3, 2, 7, 5, 22, 22, 11, 21, 22, 15, 9, 9, 20, 28, 10, 3, 0, 0, 0, 0, 0, 0, 0, 0, 0, 0, 0, 0, 0, 0]"
GLCTLVAML_CASSLGTRGNEQFF,GLCTLVAML,,Epstein Barr virus (EBV),Human,CASSLGTRGNEQFF,HLA-A2,Control,0,"[2, 11, 15, 7, 23, 15, 25, 5, 16, 15, 3, 2, 7, 5, 22, 22, 15, 11, 23, 21, 11, 17, 9, 20, 10, 10, 3, 0, 0, 0, 0, 0, 0, 0, 0, 0, 0, 0, 0, 0]"
KAFSPEVIPMF_CASYNFGQYGYTF,KAFSPEVIPMF,Gag,HIV-1,HomoSapiens,CASYNFGQYGYTF,HLA-B*57,VDJdb,1,"[2, 14, 5, 10, 22, 19, 9, 25, 13, 19, 16, 10, 3, 2, 7, 5, 22, 28, 17, 10, 11, 20, 28, 11, 28, 23, 10, 3, 0, 0, 0, 0, 0, 0, 0, 0, 0, 0, 0, 0]"
RYPLTFGWCF_CASSSPDSPNQPQHF,RYPLTFGWCF,,Human immunodeficiency virus (HIV),Human,CASSSPDSPNQPQHF,HLA-A*24:02,Control,0,"[2, 21, 28, 19, 15, 23, 10, 11, 26, 7, 10, 3, 2, 7, 5, 22, 22, 22, 19, 8, 22, 19, 17, 20, 19, 20, 12, 10, 3, 0, 0, 0, 0, 0, 0, 0, 0, 0, 0, 0]"
STPESANL_CASSQDIGRSGNQPQYF,STPESANL,Tat,SIV,MacacaMulatta,CASSQDIGRSGNQPQYF,Mamu-A*01,VDJdb,1,"[2, 22, 23, 19, 9, 22, 5, 17, 15, 3, 2, 7, 5, 22, 22, 20, 8, 13, 11, 21, 22, 11, 17, 20, 19, 20, 28, 10, 3, 0, 0, 0, 0, 0, 0, 0, 0, 0, 0, 0]"
ELAGIGILTV_CAARGLGVGTDTQYF,ELAGIGILTV,MLANA,HomoSapiens,HomoSapiens,CAARGLGVGTDTQYF,HLA-A*02:01,Control,0,"[2, 9, 15, 5, 11, 13, 11, 13, 15, 23, 25, 3, 2, 7, 5, 5, 21, 11, 15, 11, 25, 11, 23, 8, 23, 20, 28, 10, 3, 0, 0, 0, 0, 0, 0, 0, 0, 0, 0, 0]"
GILGFVFTL_CAWSGGTSRRTQYF,GILGFVFTL,,Influenza,Human,CAWSGGTSRRTQYF,HLA-A2,McPAS,1,"[2, 11, 13, 15, 11, 10, 25, 10, 23, 15, 3, 2, 7, 5, 26, 22, 11, 11, 23, 22, 21, 21, 23, 20, 28, 10, 3, 0, 0, 0, 0, 0, 0, 0, 0, 0, 0, 0, 0, 0]"
VVLSWAPPV_CASRESSGRYTGELFF,VVLSWAPPV,,Neoantigen,Human,CASRESSGRYTGELFF,HLA-A2,Control,0,"[2, 25, 25, 15, 22, 26, 5, 19, 19, 25, 3, 2, 7, 5, 22, 21, 9, 22, 22, 11, 21, 28, 23, 11, 9, 15, 10, 10, 3, 0, 0, 0, 0, 0, 0, 0, 0, 0, 0, 0]"
LPRRSGAAGA_CASSLIYQETQYF,LPRRSGAAGA,,Influenza,Human,CASSLIYQETQYF,HLA-B7,Control,0,"[2, 15, 19, 21, 21, 22, 11, 5, 5, 11, 5, 3, 2, 7, 5, 22, 22, 15, 13, 28, 20, 9, 23, 20, 28, 10, 3, 0, 0, 0, 0, 0, 0, 0, 0, 0, 0, 0, 0, 0]"
LPRRSGAAGA_CASSRKKGAQETQYF,LPRRSGAAGA,,Influenza,Human,CASSRKKGAQETQYF,HLA-B7,Control,0,"[2, 15, 19, 21, 21, 22, 11, 5, 5, 11, 5, 3, 2, 7, 5, 22, 22, 21, 14, 14, 11, 5, 20, 9, 23, 20, 28, 10, 3, 0, 0, 0, 0, 0, 0, 0, 0, 0, 0, 0]"
LLWNGPMAV_CSARGLAGVYNEQFF,LLWNGPMAV,,Yellow fever virus,Human,CSARGLAGVYNEQFF,HLA-A*02:01,Control,0,"[2, 15, 15, 26, 17, 11, 19, 16, 5, 25, 3, 2, 7, 22, 5, 21, 11, 15, 5, 11, 25, 28, 17, 9, 20, 10, 10, 3, 0, 0, 0, 0, 0, 0, 0, 0, 0, 0, 0, 0]"
GILGFVFTL_CASSDPRGEETQYF,GILGFVFTL,,Influenza,Human,CASSDPRGEETQYF,HLA-A*02:01,McPAS,1,"[2, 11, 13, 15, 11, 10, 25, 10, 23, 15, 3, 2, 7, 5, 22, 22, 8, 19, 21, 11, 9, 9, 23, 20, 28, 10, 3, 0, 0, 0, 0, 0, 0, 0, 0, 0, 0, 0, 0, 0]"
ELAGIGILTV_CASSMTSYNEQYF,ELAGIGILTV,,Melanoma,Human,CASSMTSYNEQYF,HLA-A2,McPAS,1,"[2, 9, 15, 5, 11, 13, 11, 13, 15, 23, 25, 3, 2, 7, 5, 22, 22, 16, 23, 22, 28, 17, 9, 20, 28, 10, 3, 0, 0, 0, 0, 0, 0, 0, 0, 0, 0, 0, 0, 0]"
KAFSPEVIPMF_CASSLVSNYGYT,KAFSPEVIPMF,,Human immunodeficiency virus (HIV),Human,CASSLVSNYGYT,HLA-B*57:03,McPAS,1,"[2, 14, 5, 10, 22, 19, 9, 25, 13, 19, 16, 10, 3, 2, 7, 5, 22, 22, 15, 25, 22, 17, 28, 11, 28, 23, 3, 0, 0, 0, 0, 0, 0, 0, 0, 0, 0, 0, 0, 0]"
NLVPMVATV_CASSWSGGGARDTQYF,NLVPMVATV,,Cytomegalovirus (CMV),Human,CASSWSGGGARDTQYF,HLA-A2,McPAS,1,"[2, 17, 15, 25, 19, 16, 25, 5, 23, 25, 3, 2, 7, 5, 22, 22, 26, 22, 11, 11, 11, 5, 21, 8, 23, 20, 28, 10, 3, 0, 0, 0, 0, 0, 0, 0, 0, 0, 0, 0]"
VTEHDTLLY_CASSQDTISYEQYF,VTEHDTLLY,,Cytomegalovirus (CMV),Human,CASSQDTISYEQYF,HLA-A1,Control,0,"[2, 25, 23, 9, 12, 8, 23, 15, 15, 28, 3, 2, 7, 5, 22, 22, 20, 8, 23, 13, 22, 28, 9, 20, 28, 10, 3, 0, 0, 0, 0, 0, 0, 0, 0, 0, 0, 0, 0, 0]"
GLCTLVAML_CASSRQGSGSGNTIYF,GLCTLVAML,BMLF,EBV,human,CASSRQGSGSGNTIYF,HLA-A*02:01,Control,0,"[2, 11, 15, 7, 23, 15, 25, 5, 16, 15, 3, 2, 7, 5, 22, 22, 21, 20, 11, 22, 11, 22, 11, 17, 23, 13, 28, 10, 3, 0, 0, 0, 0, 0, 0, 0, 0, 0, 0, 0]"
LPRRSGAAGA_CASSHLTGEEQFF,LPRRSGAAGA,,Influenza,Human,CASSHLTGEEQFF,HLA-B7,McPAS,1,"[2, 15, 19, 21, 21, 22, 11, 5, 5, 11, 5, 3, 2, 7, 5, 22, 22, 12, 15, 23, 11, 9, 9, 20, 10, 10, 3, 0, 0, 0, 0, 0, 0, 0, 0, 0, 0, 0, 0, 0]"
SLYNTVATL_CASSFDAEQFF,SLYNTVATL,Gag,HIV-1,HomoSapiens,CASSFDAEQFF,HLA-A*02:01,VDJdb,1,"[2, 22, 15, 28, 17, 23, 25, 5, 23, 15, 3, 2, 7, 5, 22, 22, 10, 8, 5, 9, 20, 10, 10, 3, 0, 0, 0, 0, 0, 0, 0, 0, 0, 0, 0, 0, 0, 0, 0, 0]"
TPRVTGGGAM_CASSGRGLAGIYEQYF,TPRVTGGGAM,,Cytomegalovirus (CMV),Human,CASSGRGLAGIYEQYF,HLA-B*07:02,Control,0,"[2, 23, 19, 21, 25, 23, 11, 11, 11, 5, 16, 3, 2, 7, 5, 22, 22, 11, 21, 11, 15, 5, 11, 13, 28, 9, 20, 28, 10, 3, 0, 0, 0, 0, 0, 0, 0, 0, 0, 0]"
NLVPMVATV_CASSQEPNNNEQF,NLVPMVATV,,Cytomegalovirus (CMV),Human,CASSQEPNNNEQF,HLA-A*02,McPAS,1,"[2, 17, 15, 25, 19, 16, 25, 5, 23, 25, 3, 2, 7, 5, 22, 22, 20, 9, 19, 17, 17, 17, 9, 20, 10, 3, 0, 0, 0, 0, 0, 0, 0, 0, 0, 0, 0, 0, 0, 0]"
YSEHPTFTSQY_CASSYSPPIPGQGIDEQYF,YSEHPTFTSQY,pp65,CMV,HomoSapiens,CASSYSPPIPGQGIDEQYF,HLA-A*01:01,VDJdb,1,"[2, 28, 22, 9, 12, 19, 23, 10, 23, 22, 20, 28, 3, 2, 7, 5, 22, 22, 28, 22, 19, 19, 13, 19, 11, 20, 11, 13, 8, 9, 20, 28, 10, 3, 0, 0, 0, 0, 0, 0]"
LPRRSGAAGA_CASRATGGTETQYF,LPRRSGAAGA,,Influenza,Human,CASRATGGTETQYF,HLA-B7,Control,0,"[2, 15, 19, 21, 21, 22, 11, 5, 5, 11, 5, 3, 2, 7, 5, 22, 21, 5, 23, 11, 11, 23, 9, 23, 20, 28, 10, 3, 0, 0, 0, 0, 0, 0, 0, 0, 0, 0, 0, 0]"
CRVLCCYVL_CASSYSLTGNTEAFF,CRVLCCYVL,,Cytomegalovirus (CMV),Human,CASSYSLTGNTEAFF,HLA-C*07:02,McPAS,1,"[2, 7, 21, 25, 15, 7, 7, 28, 25, 15, 3, 2, 7, 5, 22, 22, 28, 22, 15, 23, 11, 17, 23, 9, 5, 10, 10, 3, 0, 0, 0, 0, 0, 0, 0, 0, 0, 0, 0, 0]"
NLVPMVATV_CASSSLGGKNYGYTF,NLVPMVATV,,Cytomegalovirus (CMV),Human,CASSSLGGKNYGYTF,HLA-A2,McPAS,1,"[2, 17, 15, 25, 19, 16, 25, 5, 23, 25, 3, 2, 7, 5, 22, 22, 22, 15, 11, 11, 14, 17, 28, 11, 28, 23, 10, 3, 0, 0, 0, 0, 0, 0, 0, 0, 0, 0, 0, 0]"
LPPIVAKEI_CATSISGSGELFF,LPPIVAKEI,Pol,HIV-1,HomoSapiens,CATSISGSGELFF,HLA-B*42:01,Control,0,"[2, 15, 19, 19, 13, 25, 5, 14, 9, 13, 3, 2, 7, 5, 23, 22, 13, 22, 11, 22, 11, 9, 15, 10, 10, 3, 0, 0, 0, 0, 0, 0, 0, 0, 0, 0, 0, 0, 0, 0]"
SSYRRPVGI_CASRWGLQETQYF,SSYRRPVGI,PB1,InfluenzaA,MusMusculus,CASRWGLQETQYF,H-2Kb,Control,0,"[2, 22, 22, 28, 21, 21, 19, 25, 11, 13, 3, 2, 7, 5, 22, 21, 26, 11, 15, 20, 9, 23, 20, 28, 10, 3, 0, 0, 0, 0, 0, 0, 0, 0, 0, 0, 0, 0, 0, 0]"
HGIRNASFI_CASTAGQKVRGEKLFF,HGIRNASFI,M45,mCMV,mouse,CASTAGQKVRGEKLFF,H2-Db,Control,0,"[2, 12, 11, 13, 21, 17, 5, 22, 10, 13, 3, 2, 7, 5, 22, 23, 5, 11, 20, 14, 25, 21, 11, 9, 14, 15, 10, 10, 3, 0, 0, 0, 0, 0, 0, 0, 0, 0, 0, 0]"
SSLENFRAYV_CASSPSRDTEAFF,SSLENFRAYV,,Influenza,Mouse,CASSPSRDTEAFF,H-2b,Control,0,"[2, 22, 22, 15, 9, 17, 10, 21, 5, 28, 25, 3, 2, 7, 5, 22, 22, 19, 22, 21, 8, 23, 9, 5, 10, 10, 3, 0, 0, 0, 0, 0, 0, 0, 0, 0, 0, 0, 0, 0]"
GILGFVFTL_CASSLSGTGYEQYF,GILGFVFTL,,Influenza,Human,CASSLSGTGYEQYF,HLA-A2,Control,0,"[2, 11, 13, 15, 11, 10, 25, 10, 23, 15, 3, 2, 7, 5, 22, 22, 15, 22, 11, 23, 11, 28, 9, 20, 28, 10, 3, 0, 0, 0, 0, 0, 0, 0, 0, 0, 0, 0, 0, 0]"
VTEHDTLLY_CSARDRRVSYEQYF,VTEHDTLLY,,Cytomegalovirus (CMV),Human,CSARDRRVSYEQYF,HLA-A1,Control,0,"[2, 25, 23, 9, 12, 8, 23, 15, 15, 28, 3, 2, 7, 22, 5, 21, 8, 21, 21, 25, 22, 28, 9, 20, 28, 10, 3, 0, 0, 0, 0, 0, 0, 0, 0, 0, 0, 0, 0, 0]"
GLCTLVAML_CASSSPGQGHQPQHF,GLCTLVAML,,Epstein Barr virus (EBV),Human,CASSSPGQGHQPQHF,HLA-A2,Control,0,"[2, 11, 15, 7, 23, 15, 25, 5, 16, 15, 3, 2, 7, 5, 22, 22, 22, 19, 11, 20, 11, 12, 20, 19, 20, 12, 10, 3, 0, 0, 0, 0, 0, 0, 0, 0, 0, 0, 0, 0]"
EAAGIGILTV_CAWSVQGLGYGYTF,EAAGIGILTV,,Melanoma,Human,CAWSVQGLGYGYTF,HLA-A*02,McPAS,1,"[2, 9, 5, 5, 11, 13, 11, 13, 15, 23, 25, 3, 2, 7, 5, 26, 22, 25, 20, 11, 15, 11, 28, 11, 28, 23, 10, 3, 0, 0, 0, 0, 0, 0, 0, 0, 0, 0, 0, 0]"
KAFSPEVIPMF_CASSPTPGLFSPLLEQYF,KAFSPEVIPMF,Gag,HIV-1,HomoSapiens,CASSPTPGLFSPLLEQYF,HLA-B*57,Control,0,"[2, 14, 5, 10, 22, 19, 9, 25, 13, 19, 16, 10, 3, 2, 7, 5, 22, 22, 19, 23, 19, 11, 15, 10, 22, 19, 15, 15, 9, 20, 28, 10, 3, 0, 0, 0, 0, 0, 0, 0]"
CRVLCCYVL_CSAPDWSNTQYF,CRVLCCYVL,,Cytomegalovirus (CMV),Human,CSAPDWSNTQYF,HLA-C*07:02,McPAS,1,"[2, 7, 21, 25, 15, 7, 7, 28, 25, 15, 3, 2, 7, 22, 5, 19, 8, 26, 22, 17, 23, 20, 28, 10, 3, 0, 0, 0, 0, 0, 0, 0, 0, 0, 0, 0, 0, 0, 0, 0]"
NLVPMVATV_CATSRDLAEVNTEAFF,NLVPMVATV,pp65,CMV,human,CATSRDLAEVNTEAFF,HLA-A*02:01,Dash,1,"[2, 17, 15, 25, 19, 16, 25, 5, 23, 25, 3, 2, 7, 5, 23, 22, 21, 8, 15, 5, 9, 25, 17, 23, 9, 5, 10, 10, 3, 0, 0, 0, 0, 0, 0, 0, 0, 0, 0, 0]"
EAAGIGILTV_CASSFPARGIRVGELFF,EAAGIGILTV,MLANA,HomoSapiens,HomoSapiens,CASSFPARGIRVGELFF,HLA-A*02:01,Control,0,"[2, 9, 5, 5, 11, 13, 11, 13, 15, 23, 25, 3, 2, 7, 5, 22, 22, 10, 19, 5, 21, 11, 13, 21, 25, 11, 9, 15, 10, 10, 3, 0, 0, 0, 0, 0, 0, 0, 0, 0]"
NEGVKAAW_CASSPSWDPYNEQFF,NEGVKAAW,IE2,CMV,HomoSapiens,CASSPSWDPYNEQFF,HLA-B*44:03:08,Control,0,"[2, 17, 9, 11, 25, 14, 5, 5, 26, 3, 2, 7, 5, 22, 22, 19, 22, 26, 8, 19, 28, 17, 9, 20, 10, 10, 3, 0, 0, 0, 0, 0, 0, 0, 0, 0, 0, 0, 0, 0]"
LPRRSGAAGA_CASSQEPGVYEQYF,LPRRSGAAGA,,Influenza,Human,CASSQEPGVYEQYF,HLA-B7,McPAS,1,"[2, 15, 19, 21, 21, 22, 11, 5, 5, 11, 5, 3, 2, 7, 5, 22, 22, 20, 9, 19, 11, 25, 28, 9, 20, 28, 10, 3, 0, 0, 0, 0, 0, 0, 0, 0, 0, 0, 0, 0]"
SSLENFRAYV_CASSSQSADSEGYEQFF,SSLENFRAYV,,Influenza,Mouse,CASSSQSADSEGYEQFF,H-2b,Control,0,"[2, 22, 22, 15, 9, 17, 10, 21, 5, 28, 25, 3, 2, 7, 5, 22, 22, 22, 20, 22, 5, 8, 22, 9, 11, 28, 9, 20, 10, 10, 3, 0, 0, 0, 0, 0, 0, 0, 0, 0]"
LPRRSGAAGA_CASSFGINYGYTF,LPRRSGAAGA,,Influenza,Human,CASSFGINYGYTF,HLA-B7,McPAS,1,"[2, 15, 19, 21, 21, 22, 11, 5, 5, 11, 5, 3, 2, 7, 5, 22, 22, 10, 11, 13, 17, 28, 11, 28, 23, 10, 3, 0, 0, 0, 0, 0, 0, 0, 0, 0, 0, 0, 0, 0]"
GLCTLVAML_CATSPGGLYEQYF,GLCTLVAML,BMLF1,EBV,HomoSapiens,CATSPGGLYEQYF,HLA-A*02,Control,0,"[2, 11, 15, 7, 23, 15, 25, 5, 16, 15, 3, 2, 7, 5, 23, 22, 19, 11, 11, 15, 28, 9, 20, 28, 10, 3, 0, 0, 0, 0, 0, 0, 0, 0, 0, 0, 0, 0, 0, 0]"
EAAGIGILTV_CASSYKGDEQYF,EAAGIGILTV,,Melanoma,Human,CASSYKGDEQYF,HLA-A*02:01,Control,0,"[2, 9, 5, 5, 11, 13, 11, 13, 15, 23, 25, 3, 2, 7, 5, 22, 22, 28, 14, 11, 8, 9, 20, 28, 10, 3, 0, 0, 0, 0, 0, 0, 0, 0, 0, 0, 0, 0, 0, 0]"
LPRRSGAAGA_CASSVPGSATQYF,LPRRSGAAGA,,Influenza,Human,CASSVPGSATQYF,HLA-B7,Control,0,"[2, 15, 19, 21, 21, 22, 11, 5, 5, 11, 5, 3, 2, 7, 5, 22, 22, 25, 19, 11, 22, 5, 23, 20, 28, 10, 3, 0, 0, 0, 0, 0, 0, 0, 0, 0, 0, 0, 0, 0]"
KAFSPEVIPMF_CASSPWTGFGEQYF,KAFSPEVIPMF,Gag,HIV-1,HomoSapiens,CASSPWTGFGEQYF,HLA-B*57:01,Control,0,"[2, 14, 5, 10, 22, 19, 9, 25, 13, 19, 16, 10, 3, 2, 7, 5, 22, 22, 19, 26, 23, 11, 10, 11, 9, 20, 28, 10, 3, 0, 0, 0, 0, 0, 0, 0, 0, 0, 0, 0]"
FLKEKGGL_CASSFVRGRTDTQYF,FLKEKGGL,Nef,HIV-1,HomoSapiens,CASSFVRGRTDTQYF,HLA-B*08,Control,0,"[2, 10, 15, 14, 9, 14, 11, 11, 15, 3, 2, 7, 5, 22, 22, 10, 25, 21, 11, 21, 23, 8, 23, 20, 28, 10, 3, 0, 0, 0, 0, 0, 0, 0, 0, 0, 0, 0, 0, 0]"
TVYGFCLL_CASSTGTPNSDYTF,TVYGFCLL,m139,mCMV,mouse,CASSTGTPNSDYTF,H2-Kb,Dash,1,"[2, 23, 25, 28, 11, 10, 7, 15, 15, 3, 2, 7, 5, 22, 22, 23, 11, 23, 19, 17, 22, 8, 28, 23, 10, 3, 0, 0, 0, 0, 0, 0, 0, 0, 0, 0, 0, 0, 0, 0]"
STPESANL_CASSQDRVSNQPQYF,STPESANL,Tat,SIV,MacacaMulatta,CASSQDRVSNQPQYF,Mamu-A*01,VDJdb,1,"[2, 22, 23, 19, 9, 22, 5, 17, 15, 3, 2, 7, 5, 22, 22, 20, 8, 21, 25, 22, 17, 20, 19, 20, 28, 10, 3, 0, 0, 0, 0, 0, 0, 0, 0, 0, 0, 0, 0, 0]"
ACASQKRPSQR_CASGEGTGVEQYF,ACASQKRPSQR,,Experimental autoimmune encephalomyelitis (EAE),Mouse,CASGEGTGVEQYF,H-2u,McPAS,1,"[2, 5, 7, 5, 22, 20, 14, 21, 19, 22, 20, 21, 3, 2, 7, 5, 22, 11, 9, 11, 23, 11, 25, 9, 20, 28, 10, 3, 0, 0, 0, 0, 0, 0, 0, 0, 0, 0, 0, 0]"
CRVLCCYVL_CASSDRANEQFF,CRVLCCYVL,,Cytomegalovirus (CMV),Human,CASSDRANEQFF,HLA-C*07:02,McPAS,1,"[2, 7, 21, 25, 15, 7, 7, 28, 25, 15, 3, 2, 7, 5, 22, 22, 8, 21, 5, 17, 9, 20, 10, 10, 3, 0, 0, 0, 0, 0, 0, 0, 0, 0, 0, 0, 0, 0, 0, 0]"
GLCTLVAML_CSVGTGGTNEQF,GLCTLVAML,,Epstein Barr virus (EBV),Human,CSVGTGGTNEQF,HLA-A*02:01,McPAS,1,"[2, 11, 15, 7, 23, 15, 25, 5, 16, 15, 3, 2, 7, 22, 25, 11, 23, 11, 11, 23, 17, 9, 20, 10, 3, 0, 0, 0, 0, 0, 0, 0, 0, 0, 0, 0, 0, 0, 0, 0]"
RPHERNGFTVL_CASSEAPLVASGSGGETQYF,RPHERNGFTVL,pp65,CMV,HomoSapiens,CASSEAPLVASGSGGETQYF,HLA-B*07:02,Control,0,"[2, 21, 19, 12, 9, 21, 17, 11, 10, 23, 25, 15, 3, 2, 7, 5, 22, 22, 9, 5, 19, 15, 25, 5, 22, 11, 22, 11, 11, 9, 23, 20, 28, 10, 3, 0, 0, 0, 0, 0]"
SQLLNAKYL_CASSDWGNTGQLYF,SQLLNAKYL,GAP50,PlasmodiumBerghei,MusMusculus,CASSDWGNTGQLYF,H-2Db,VDJdb,1,"[2, 22, 20, 15, 15, 17, 5, 14, 28, 15, 3, 2, 7, 5, 22, 22, 8, 26, 11, 17, 23, 11, 20, 15, 28, 10, 3, 0, 0, 0, 0, 0, 0, 0, 0, 0, 0, 0, 0, 0]"
FLKEKGGL_CASSFSGGAGELFF,FLKEKGGL,Nef,HIV-1,HomoSapiens,CASSFSGGAGELFF,HLA-B*08,Control,0,"[2, 10, 15, 14, 9, 14, 11, 11, 15, 3, 2, 7, 5, 22, 22, 10, 22, 11, 11, 5, 11, 9, 15, 10, 10, 3, 0, 0, 0, 0, 0, 0, 0, 0, 0, 0, 0, 0, 0, 0]"
LPRRSGAAGA_CSVTDSGLYYGYTF,LPRRSGAAGA,,Influenza,Human,CSVTDSGLYYGYTF,HLA-B7,Control,0,"[2, 15, 19, 21, 21, 22, 11, 5, 5, 11, 5, 3, 2, 7, 22, 25, 23, 8, 22, 11, 15, 28, 28, 11, 28, 23, 10, 3, 0, 0, 0, 0, 0, 0, 0, 0, 0, 0, 0, 0]"
GILGFVFTL_CASSLVTGGHNEQFF,GILGFVFTL,,Influenza,Human,CASSLVTGGHNEQFF,HLA-A2,Control,0,"[2, 11, 13, 15, 11, 10, 25, 10, 23, 15, 3, 2, 7, 5, 22, 22, 15, 25, 23, 11, 11, 12, 17, 9, 20, 10, 10, 3, 0, 0, 0, 0, 0, 0, 0, 0, 0, 0, 0, 0]"
NLNCCSVPV_CSARGGLKPQHF,NLNCCSVPV,,Neoantigen,Human,CSARGGLKPQHF,HLA-A2,Control,0,"[2, 17, 15, 17, 7, 7, 22, 25, 19, 25, 3, 2, 7, 22, 5, 21, 11, 11, 15, 14, 19, 20, 12, 10, 3, 0, 0, 0, 0, 0, 0, 0, 0, 0, 0, 0, 0, 0, 0, 0]"
HPVGEADYFEY_CASSAPAGELFF,HPVGEADYFEY,EBNA1,EBV,HomoSapiens,CASSAPAGELFF,HLA-B*35:01,VDJdb,1,"[2, 12, 19, 25, 11, 9, 5, 8, 28, 10, 9, 28, 3, 2, 7, 5, 22, 22, 5, 19, 5, 11, 9, 15, 10, 10, 3, 0, 0, 0, 0, 0, 0, 0, 0, 0, 0, 0, 0, 0]"
KRWIIMGLNK_CASTLTSPGYNEQFF,KRWIIMGLNK,Gag,HIV-1,HomoSapiens,CASTLTSPGYNEQFF,HLA-B*27:05,Control,0,"[2, 14, 21, 26, 13, 13, 16, 11, 15, 17, 14, 3, 2, 7, 5, 22, 23, 15, 23, 22, 19, 11, 28, 17, 9, 20, 10, 10, 3, 0, 0, 0, 0, 0, 0, 0, 0, 0, 0, 0]"
KLVALGINAV_CASSFAGRELFF,KLVALGINAV,NS3,HCV,HomoSapiens,CASSFAGRELFF,HLA-A*02,Control,0,"[2, 14, 15, 25, 5, 15, 11, 13, 17, 5, 25, 3, 2, 7, 5, 22, 22, 10, 5, 11, 21, 9, 15, 10, 10, 3, 0, 0, 0, 0, 0, 0, 0, 0, 0, 0, 0, 0, 0, 0]"
CTPYDINQM_CASSLDSNQPQYF,CTPYDINQM,Gag,SIV,MacacaMulatta,CASSLDSNQPQYF,Mamu-A*01,VDJdb,1,"[2, 7, 23, 19, 28, 8, 13, 17, 20, 16, 3, 2, 7, 5, 22, 22, 15, 8, 22, 17, 20, 19, 20, 28, 10, 3, 0, 0, 0, 0, 0, 0, 0, 0, 0, 0, 0, 0, 0, 0]"
ACASQKRPSQR_CASSLTGTGQPQHF,ACASQKRPSQR,,Experimental autoimmune encephalomyelitis (EAE),Mouse,CASSLTGTGQPQHF,H-2u,Control,0,"[2, 5, 7, 5, 22, 20, 14, 21, 19, 22, 20, 21, 3, 2, 7, 5, 22, 22, 15, 23, 11, 23, 11, 20, 19, 20, 12, 10, 3, 0, 0, 0, 0, 0, 0, 0, 0, 0, 0, 0]"
GLCTLVAML_CASSLDGGMNTEAFF,GLCTLVAML,,Epstein Barr virus (EBV),Human,CASSLDGGMNTEAFF,HLA-A2,Control,0,"[2, 11, 15, 7, 23, 15, 25, 5, 16, 15, 3, 2, 7, 5, 22, 22, 15, 8, 11, 11, 16, 17, 23, 9, 5, 10, 10, 3, 0, 0, 0, 0, 0, 0, 0, 0, 0, 0, 0, 0]"
FRCPRRFCF_CASSFRGNTEAFF,FRCPRRFCF,,Cytomegalovirus (CMV),Human,CASSFRGNTEAFF,HLA-C*07:02,Control,0,"[2, 10, 21, 7, 19, 21, 21, 10, 7, 10, 3, 2, 7, 5, 22, 22, 10, 21, 11, 17, 23, 9, 5, 10, 10, 3, 0, 0, 0, 0, 0, 0, 0, 0, 0, 0, 0, 0, 0, 0]"
KAFSPEVIPMF_CSVEDPDRPSYGYTF,KAFSPEVIPMF,Gag,HIV-1,HomoSapiens,CSVEDPDRPSYGYTF,HLA-B*57:01,VDJdb,1,"[2, 14, 5, 10, 22, 19, 9, 25, 13, 19, 16, 10, 3, 2, 7, 22, 25, 9, 8, 19, 8, 21, 19, 22, 28, 11, 28, 23, 10, 3, 0, 0, 0, 0, 0, 0, 0, 0, 0, 0]"
SSYRRPVGI_CASFTANERLFF,SSYRRPVGI,PB1,IAV,mouse,CASFTANERLFF,H2-Kb,Dash,1,"[2, 22, 22, 28, 21, 21, 19, 25, 11, 13, 3, 2, 7, 5, 22, 10, 23, 5, 17, 9, 21, 15, 10, 10, 3, 0, 0, 0, 0, 0, 0, 0, 0, 0, 0, 0, 0, 0, 0, 0]"
MLNIPSINV_CASSLATGGFNEQFF,MLNIPSINV,,Neoantigen,Human,CASSLATGGFNEQFF,HLA-A2,Control,0,"[2, 16, 15, 17, 13, 19, 22, 13, 17, 25, 3, 2, 7, 5, 22, 22, 15, 5, 23, 11, 11, 10, 17, 9, 20, 10, 10, 3, 0, 0, 0, 0, 0, 0, 0, 0, 0, 0, 0, 0]"
RPHERNGFTVL_CASSQTGGVRNQPQHF,RPHERNGFTVL,pp65,CMV,HomoSapiens,CASSQTGGVRNQPQHF,HLA-B*07:02,Control,0,"[2, 21, 19, 12, 9, 21, 17, 11, 10, 23, 25, 15, 3, 2, 7, 5, 22, 22, 20, 23, 11, 11, 25, 21, 17, 20, 19, 20, 12, 10, 3, 0, 0, 0, 0, 0, 0, 0, 0, 0]"
LPRRSGAAGA_CSVEVEGAASYEQYF,LPRRSGAAGA,,Influenza,Human,CSVEVEGAASYEQYF,HLA-B7,McPAS,1,"[2, 15, 19, 21, 21, 22, 11, 5, 5, 11, 5, 3, 2, 7, 22, 25, 9, 25, 9, 11, 5, 5, 22, 28, 9, 20, 28, 10, 3, 0, 0, 0, 0, 0, 0, 0, 0, 0, 0, 0]"
ASNENMETM_CASRRGPDVSYEQYF,ASNENMETM,,Influenza,Mouse,CASRRGPDVSYEQYF,H-2b,Control,0,"[2, 5, 22, 17, 9, 17, 16, 9, 23, 16, 3, 2, 7, 5, 22, 21, 21, 11, 19, 8, 25, 22, 28, 9, 20, 28, 10, 3, 0, 0, 0, 0, 0, 0, 0, 0, 0, 0, 0, 0]"
LPRRSGAAGA_CASSLDRGMNYGYTF,LPRRSGAAGA,,Influenza,Human,CASSLDRGMNYGYTF,HLA-B7,Control,0,"[2, 15, 19, 21, 21, 22, 11, 5, 5, 11, 5, 3, 2, 7, 5, 22, 22, 15, 8, 21, 11, 16, 17, 28, 11, 28, 23, 10, 3, 0, 0, 0, 0, 0, 0, 0, 0, 0, 0, 0]"
EAAGIGILTV_CASSLVGVPGANVLTF,EAAGIGILTV,,Melanoma,Human,CASSLVGVPGANVLTF,HLA-A*02:01,McPAS,1,"[2, 9, 5, 5, 11, 13, 11, 13, 15, 23, 25, 3, 2, 7, 5, 22, 22, 15, 25, 11, 25, 19, 11, 5, 17, 25, 15, 23, 10, 3, 0, 0, 0, 0, 0, 0, 0, 0, 0, 0]"
NLVPMVATV_CASSQVTSTDTQYF,NLVPMVATV,,Cytomegalovirus (CMV),Human,CASSQVTSTDTQYF,HLA-A*02,McPAS,1,"[2, 17, 15, 25, 19, 16, 25, 5, 23, 25, 3, 2, 7, 5, 22, 22, 20, 25, 23, 22, 23, 8, 23, 20, 28, 10, 3, 0, 0, 0, 0, 0, 0, 0, 0, 0, 0, 0, 0, 0]"
YVLDHLIVV_CASSLMRGPYGYTF,YVLDHLIVV,BRLF1,EBV,HomoSapiens,CASSLMRGPYGYTF,HLA-A*02:01,Control,0,"[2, 28, 25, 15, 8, 12, 15, 13, 25, 25, 3, 2, 7, 5, 22, 22, 15, 16, 21, 11, 19, 28, 11, 28, 23, 10, 3, 0, 0, 0, 0, 0, 0, 0, 0, 0, 0, 0, 0, 0]"
ASNENMETM_CASSDAASTEVFF,ASNENMETM,NP,IAV,mouse,CASSDAASTEVFF,H2-Db,Dash,1,"[2, 5, 22, 17, 9, 17, 16, 9, 23, 16, 3, 2, 7, 5, 22, 22, 8, 5, 5, 22, 23, 9, 25, 10, 10, 3, 0, 0, 0, 0, 0, 0, 0, 0, 0, 0, 0, 0, 0, 0]"
TPRVTGGGAM_CASRRAGEGNEQFF,TPRVTGGGAM,,Cytomegalovirus (CMV),Human,CASRRAGEGNEQFF,HLA-B7,Control,0,"[2, 23, 19, 21, 25, 23, 11, 11, 11, 5, 16, 3, 2, 7, 5, 22, 21, 21, 5, 11, 9, 11, 17, 9, 20, 10, 10, 3, 0, 0, 0, 0, 0, 0, 0, 0, 0, 0, 0, 0]"
LLFGYPVYV_CASSLGLADPNNEQFF,LLFGYPVYV,,HTLV-1,Human,CASSLGLADPNNEQFF,HLA-A2,McPAS,1,"[2, 15, 15, 10, 11, 28, 19, 25, 28, 25, 3, 2, 7, 5, 22, 22, 15, 11, 15, 5, 8, 19, 17, 17, 9, 20, 10, 10, 3, 0, 0, 0, 0, 0, 0, 0, 0, 0, 0, 0]"
GILGFVFTL_CASSQGSLAGRGEQFF,GILGFVFTL,,Influenza,Human,CASSQGSLAGRGEQFF,HLA-A2,Control,0,"[2, 11, 13, 15, 11, 10, 25, 10, 23, 15, 3, 2, 7, 5, 22, 22, 20, 11, 22, 15, 5, 11, 21, 11, 9, 20, 10, 10, 3, 0, 0, 0, 0, 0, 0, 0, 0, 0, 0, 0]"
KAFSPEVIPMF_CASSYSLPGTYGYTF,KAFSPEVIPMF,,Human immunodeficiency virus (HIV),Human,CASSYSLPGTYGYTF,HLA-B*57:01,Control,0,"[2, 14, 5, 10, 22, 19, 9, 25, 13, 19, 16, 10, 3, 2, 7, 5, 22, 22, 28, 22, 15, 19, 11, 23, 28, 11, 28, 23, 10, 3, 0, 0, 0, 0, 0, 0, 0, 0, 0, 0]"
ATDALMTGY_CAISESTVGNQPQHF,ATDALMTGY,NS3,HCV,HomoSapiens,CAISESTVGNQPQHF,HLA-A*01:01,VDJdb,1,"[2, 5, 23, 8, 5, 15, 16, 23, 11, 28, 3, 2, 7, 5, 13, 22, 9, 22, 23, 25, 11, 17, 20, 19, 20, 12, 10, 3, 0, 0, 0, 0, 0, 0, 0, 0, 0, 0, 0, 0]"
SSLENFRAYV_CASSAGDSYEQYF,SSLENFRAYV,,Influenza,Mouse,CASSAGDSYEQYF,H-2b,Control,0,"[2, 22, 22, 15, 9, 17, 10, 21, 5, 28, 25, 3, 2, 7, 5, 22, 22, 5, 11, 8, 22, 28, 9, 20, 28, 10, 3, 0, 0, 0, 0, 0, 0, 0, 0, 0, 0, 0, 0, 0]"
NLVPMVATV_CASSPYRSRMNTEAFF,NLVPMVATV,,Cytomegalovirus (CMV),Human,CASSPYRSRMNTEAFF,HLA-A*02:01,Control,0,"[2, 17, 15, 25, 19, 16, 25, 5, 23, 25, 3, 2, 7, 5, 22, 22, 19, 28, 21, 22, 21, 16, 17, 23, 9, 5, 10, 10, 3, 0, 0, 0, 0, 0, 0, 0, 0, 0, 0, 0]"
GPGHKARVL_CASSLESGSSYNEQFF,GPGHKARVL,Gag,HIV-1,HomoSapiens,CASSLESGSSYNEQFF,HLA-B*07:02,VDJdb,1,"[2, 11, 19, 11, 12, 14, 5, 21, 25, 15, 3, 2, 7, 5, 22, 22, 15, 9, 22, 11, 22, 22, 28, 17, 9, 20, 10, 10, 3, 0, 0, 0, 0, 0, 0, 0, 0, 0, 0, 0]"
EPLPQGQLTAY_CAISTGDYEQYF,EPLPQGQLTAY,BZLF1,EBV,HomoSapiens,CAISTGDYEQYF,HLA-B*35:01,VDJdb,1,"[2, 9, 19, 15, 19, 20, 11, 20, 15, 23, 5, 28, 3, 2, 7, 5, 13, 22, 23, 11, 8, 28, 9, 20, 28, 10, 3, 0, 0, 0, 0, 0, 0, 0, 0, 0, 0, 0, 0, 0]"
ASNENMETM_CASSLGQGWQPQHF,ASNENMETM,NP,InfluenzaA,MusMusculus,CASSLGQGWQPQHF,H-2Kb,Control,0,"[2, 5, 22, 17, 9, 17, 16, 9, 23, 16, 3, 2, 7, 5, 22, 22, 15, 11, 20, 11, 26, 20, 19, 20, 12, 10, 3, 0, 0, 0, 0, 0, 0, 0, 0, 0, 0, 0, 0, 0]"
GLCTLVAML_CASSPNSGGTDTQYF,GLCTLVAML,BMLF,EBV,human,CASSPNSGGTDTQYF,HLA-A*02:01,Control,0,"[2, 11, 15, 7, 23, 15, 25, 5, 16, 15, 3, 2, 7, 5, 22, 22, 19, 17, 22, 11, 11, 23, 8, 23, 20, 28, 10, 3, 0, 0, 0, 0, 0, 0, 0, 0, 0, 0, 0, 0]"
VTEHDTLLY_CASSLPGPKEQYF,VTEHDTLLY,,Cytomegalovirus (CMV),Human,CASSLPGPKEQYF,HLA-A1,McPAS,1,"[2, 25, 23, 9, 12, 8, 23, 15, 15, 28, 3, 2, 7, 5, 22, 22, 15, 19, 11, 19, 14, 9, 20, 28, 10, 3, 0, 0, 0, 0, 0, 0, 0, 0, 0, 0, 0, 0, 0, 0]"
VTEHDTLLY_CASSLQGEYNEQFF,VTEHDTLLY,,Cytomegalovirus (CMV),Human,CASSLQGEYNEQFF,HLA-A1,Control,0,"[2, 25, 23, 9, 12, 8, 23, 15, 15, 28, 3, 2, 7, 5, 22, 22, 15, 20, 11, 9, 28, 17, 9, 20, 10, 10, 3, 0, 0, 0, 0, 0, 0, 0, 0, 0, 0, 0, 0, 0]"
GILGFVFTL_CSVIPPGQVYEQYF,GILGFVFTL,M,InfluenzaA,HomoSapiens,CSVIPPGQVYEQYF,HLA-A*02:01,Control,0,"[2, 11, 13, 15, 11, 10, 25, 10, 23, 15, 3, 2, 7, 22, 25, 13, 19, 19, 11, 20, 25, 28, 9, 20, 28, 10, 3, 0, 0, 0, 0, 0, 0, 0, 0, 0, 0, 0, 0, 0]"
SSLENFRAYV_CASSPTGQLYF,SSLENFRAYV,PA,IAV,mouse,CASSPTGQLYF,H2-Db,Dash,1,"[2, 22, 22, 15, 9, 17, 10, 21, 5, 28, 25, 3, 2, 7, 5, 22, 22, 19, 23, 11, 20, 15, 28, 10, 3, 0, 0, 0, 0, 0, 0, 0, 0, 0, 0, 0, 0, 0, 0, 0]"
LPRRSGAAGA_CASSGGGGKLFF,LPRRSGAAGA,,Influenza,Human,CASSGGGGKLFF,HLA-B7,Control,0,"[2, 15, 19, 21, 21, 22, 11, 5, 5, 11, 5, 3, 2, 7, 5, 22, 22, 11, 11, 11, 11, 14, 15, 10, 10, 3, 0, 0, 0, 0, 0, 0, 0, 0, 0, 0, 0, 0, 0, 0]"
LPRRSGAAGA_CASSTEGLLSTDTQYF,LPRRSGAAGA,,Influenza,Human,CASSTEGLLSTDTQYF,HLA-B7,McPAS,1,"[2, 15, 19, 21, 21, 22, 11, 5, 5, 11, 5, 3, 2, 7, 5, 22, 22, 23, 9, 11, 15, 15, 22, 23, 8, 23, 20, 28, 10, 3, 0, 0, 0, 0, 0, 0, 0, 0, 0, 0]"
TPRVTGGGAM_CASSLSYSTLSYEQYF,TPRVTGGGAM,pp65,CMV,HomoSapiens,CASSLSYSTLSYEQYF,HLA-B*07:02,VDJdb,1,"[2, 23, 19, 21, 25, 23, 11, 11, 11, 5, 16, 3, 2, 7, 5, 22, 22, 15, 22, 28, 22, 23, 15, 22, 28, 9, 20, 28, 10, 3, 0, 0, 0, 0, 0, 0, 0, 0, 0, 0]"
TPGPGVRYPL_CASRQGSSASYEQYF,TPGPGVRYPL,Nef,HIV-1,HomoSapiens,CASRQGSSASYEQYF,HLA-B*42:01,Control,0,"[2, 23, 19, 11, 19, 11, 25, 21, 28, 19, 15, 3, 2, 7, 5, 22, 21, 20, 11, 22, 22, 5, 22, 28, 9, 20, 28, 10, 3, 0, 0, 0, 0, 0, 0, 0, 0, 0, 0, 0]"
EAAGIGILTV_CASSYVGAAGELF,EAAGIGILTV,,Melanoma,Human,CASSYVGAAGELF,HLA-A*02:01,McPAS,1,"[2, 9, 5, 5, 11, 13, 11, 13, 15, 23, 25, 3, 2, 7, 5, 22, 22, 28, 25, 11, 5, 5, 11, 9, 15, 10, 3, 0, 0, 0, 0, 0, 0, 0, 0, 0, 0, 0, 0, 0]"
GLCTLVAML_CASSGGGGKLFF,GLCTLVAML,BMLF,EBV,human,CASSGGGGKLFF,HLA-A*02:01,Control,0,"[2, 11, 15, 7, 23, 15, 25, 5, 16, 15, 3, 2, 7, 5, 22, 22, 11, 11, 11, 11, 14, 15, 10, 10, 3, 0, 0, 0, 0, 0, 0, 0, 0, 0, 0, 0, 0, 0, 0, 0]"
FLKEKGGL_CASSLGGANQETQYF,FLKEKGGL,Nef,HIV-1,HomoSapiens,CASSLGGANQETQYF,HLA-B*08,Control,0,"[2, 10, 15, 14, 9, 14, 11, 11, 15, 3, 2, 7, 5, 22, 22, 15, 11, 11, 5, 17, 20, 9, 23, 20, 28, 10, 3, 0, 0, 0, 0, 0, 0, 0, 0, 0, 0, 0, 0, 0]"
GILGFVFTL_CASSLRGGGPKSYYNEQFF,GILGFVFTL,M1,IAV,human,CASSLRGGGPKSYYNEQFF,HLA-A*02:01,Control,0,"[2, 11, 13, 15, 11, 10, 25, 10, 23, 15, 3, 2, 7, 5, 22, 22, 15, 21, 11, 11, 11, 19, 14, 22, 28, 28, 17, 9, 20, 10, 10, 3, 0, 0, 0, 0, 0, 0, 0, 0]"
LPRRSGAAGA_CASSPTSGVSTDTQYF,LPRRSGAAGA,,Influenza,Human,CASSPTSGVSTDTQYF,HLA-B7,Control,0,"[2, 15, 19, 21, 21, 22, 11, 5, 5, 11, 5, 3, 2, 7, 5, 22, 22, 19, 23, 22, 11, 25, 22, 23, 8, 23, 20, 28, 10, 3, 0, 0, 0, 0, 0, 0, 0, 0, 0, 0]"
IVTDFSVIK_CATRSGTYNEQFF,IVTDFSVIK,EBNA4,EBV,HomoSapiens,CATRSGTYNEQFF,HLA-A*11:01,Control,0,"[2, 13, 25, 23, 8, 10, 22, 25, 13, 14, 3, 2, 7, 5, 23, 21, 22, 11, 23, 28, 17, 9, 20, 10, 10, 3, 0, 0, 0, 0, 0, 0, 0, 0, 0, 0, 0, 0, 0, 0]"
GLCTLVAML_CASSFPLPSGVSTDTQYF,GLCTLVAML,BMLF1,EBV,HomoSapiens,CASSFPLPSGVSTDTQYF,HLA-A*02:01,Control,0,"[2, 11, 15, 7, 23, 15, 25, 5, 16, 15, 3, 2, 7, 5, 22, 22, 10, 19, 15, 19, 22, 11, 25, 22, 23, 8, 23, 20, 28, 10, 3, 0, 0, 0, 0, 0, 0, 0, 0, 0]"
GLCTLVAML_CASSPMATGELFF,GLCTLVAML,BMLF1,EBV,HomoSapiens,CASSPMATGELFF,HLA-A*02,Control,0,"[2, 11, 15, 7, 23, 15, 25, 5, 16, 15, 3, 2, 7, 5, 22, 22, 19, 16, 5, 23, 11, 9, 15, 10, 10, 3, 0, 0, 0, 0, 0, 0, 0, 0, 0, 0, 0, 0, 0, 0]"
GILGFVFTL_CASSPPVGALEQFF,GILGFVFTL,,Influenza,Human,CASSPPVGALEQFF,HLA-A2,Control,0,"[2, 11, 13, 15, 11, 10, 25, 10, 23, 15, 3, 2, 7, 5, 22, 22, 19, 19, 25, 11, 5, 15, 9, 20, 10, 10, 3, 0, 0, 0, 0, 0, 0, 0, 0, 0, 0, 0, 0, 0]"
HGIRNASFI_CASSLVLGGREQYF,HGIRNASFI,M45,mCMV,mouse,CASSLVLGGREQYF,H2-Db,Dash,1,"[2, 12, 11, 13, 21, 17, 5, 22, 10, 13, 3, 2, 7, 5, 22, 22, 15, 25, 15, 11, 11, 21, 9, 20, 28, 10, 3, 0, 0, 0, 0, 0, 0, 0, 0, 0, 0, 0, 0, 0]"
GLCTLVAML_CSARDKTGNGYTF,GLCTLVAML,BMLF1,EBV,HomoSapiens,CSARDKTGNGYTF,HLA-A*02:01,VDJdb,1,"[2, 11, 15, 7, 23, 15, 25, 5, 16, 15, 3, 2, 7, 22, 5, 21, 8, 14, 23, 11, 17, 11, 28, 23, 10, 3, 0, 0, 0, 0, 0, 0, 0, 0, 0, 0, 0, 0, 0, 0]"
KRWIILGLNK_CASSLLDTQYF,KRWIILGLNK,,Human immunodeficiency virus (HIV),Human,CASSLLDTQYF,HLA-B*27:05,Control,0,"[2, 14, 21, 26, 13, 13, 15, 11, 15, 17, 14, 3, 2, 7, 5, 22, 22, 15, 15, 8, 23, 20, 28, 10, 3, 0, 0, 0, 0, 0, 0, 0, 0, 0, 0, 0, 0, 0, 0, 0]"
FPRPWLHGL_CASSLFGSPGQPQHF,FPRPWLHGL,,Human immunodeficiency virus (HIV),Human,CASSLFGSPGQPQHF,HLA-B*42:01,McPAS,1,"[2, 10, 19, 21, 19, 26, 15, 12, 11, 15, 3, 2, 7, 5, 22, 22, 15, 10, 11, 22, 19, 11, 20, 19, 20, 12, 10, 3, 0, 0, 0, 0, 0, 0, 0, 0, 0, 0, 0, 0]"
GILGFVFTL_CASSPPGAGVLNEQFF,GILGFVFTL,,Influenza,Human,CASSPPGAGVLNEQFF,HLA-A2,Control,0,"[2, 11, 13, 15, 11, 10, 25, 10, 23, 15, 3, 2, 7, 5, 22, 22, 19, 19, 11, 5, 11, 25, 15, 17, 9, 20, 10, 10, 3, 0, 0, 0, 0, 0, 0, 0, 0, 0, 0, 0]"
RAKFKQLL_CSGGGGAQETQYF,RAKFKQLL,,Epstein Barr virus (EBV),Human,CSGGGGAQETQYF,HLA-B*08:01,Control,0,"[2, 21, 5, 14, 10, 14, 20, 15, 15, 3, 2, 7, 22, 11, 11, 11, 11, 5, 20, 9, 23, 20, 28, 10, 3, 0, 0, 0, 0, 0, 0, 0, 0, 0, 0, 0, 0, 0, 0, 0]"
LPRRSGAAGA_CASSIGTGANEQYF,LPRRSGAAGA,,Influenza,Human,CASSIGTGANEQYF,HLA-B7,Control,0,"[2, 15, 19, 21, 21, 22, 11, 5, 5, 11, 5, 3, 2, 7, 5, 22, 22, 13, 11, 23, 11, 5, 17, 9, 20, 28, 10, 3, 0, 0, 0, 0, 0, 0, 0, 0, 0, 0, 0, 0]"
LPRRSGAAGA_CASSYPREPSKNIQYF,LPRRSGAAGA,,Influenza,Human,CASSYPREPSKNIQYF,HLA-B7,Control,0,"[2, 15, 19, 21, 21, 22, 11, 5, 5, 11, 5, 3, 2, 7, 5, 22, 22, 28, 19, 21, 9, 19, 22, 14, 17, 13, 20, 28, 10, 3, 0, 0, 0, 0, 0, 0, 0, 0, 0, 0]"
SSYRRPVGI_CASSSGSAETLYF,SSYRRPVGI,PB1,IAV,mouse,CASSSGSAETLYF,H2-Kb,Dash,1,"[2, 22, 22, 28, 21, 21, 19, 25, 11, 13, 3, 2, 7, 5, 22, 22, 22, 11, 22, 5, 9, 23, 15, 28, 10, 3, 0, 0, 0, 0, 0, 0, 0, 0, 0, 0, 0, 0, 0, 0]"
GILGFVFTL_CASSETDRSYSPLHF,GILGFVFTL,M1,IAV,human,CASSETDRSYSPLHF,HLA-A*02:01,Control,0,"[2, 11, 13, 15, 11, 10, 25, 10, 23, 15, 3, 2, 7, 5, 22, 22, 9, 23, 8, 21, 22, 28, 22, 19, 15, 12, 10, 3, 0, 0, 0, 0, 0, 0, 0, 0, 0, 0, 0, 0]"
RALEYKNL_CASSLGGGNSDYTF,RALEYKNL,IE3,MCMV,MusMusculus,CASSLGGGNSDYTF,H-2Kb,VDJdb,1,"[2, 21, 5, 15, 9, 28, 14, 17, 15, 3, 2, 7, 5, 22, 22, 15, 11, 11, 11, 17, 22, 8, 28, 23, 10, 3, 0, 0, 0, 0, 0, 0, 0, 0, 0, 0, 0, 0, 0, 0]"
GILGFVFTL_CATDGAGGADGLTF,GILGFVFTL,,Influenza,Human,CATDGAGGADGLTF,HLA-A*02:01,McPAS,1,"[2, 11, 13, 15, 11, 10, 25, 10, 23, 15, 3, 2, 7, 5, 23, 8, 11, 5, 11, 11, 5, 8, 11, 15, 23, 10, 3, 0, 0, 0, 0, 0, 0, 0, 0, 0, 0, 0, 0, 0]"
GILGFVFTL_CASSWGGTISGANVLTF,GILGFVFTL,,Influenza,Human,CASSWGGTISGANVLTF,HLA-A2,Control,0,"[2, 11, 13, 15, 11, 10, 25, 10, 23, 15, 3, 2, 7, 5, 22, 22, 26, 11, 11, 23, 13, 22, 11, 5, 17, 25, 15, 23, 10, 3, 0, 0, 0, 0, 0, 0, 0, 0, 0, 0]"
LPRRSGAAGA_CASSFFGQPQHF,LPRRSGAAGA,,Influenza,Human,CASSFFGQPQHF,HLA-B7,McPAS,1,"[2, 15, 19, 21, 21, 22, 11, 5, 5, 11, 5, 3, 2, 7, 5, 22, 22, 10, 10, 11, 20, 19, 20, 12, 10, 3, 0, 0, 0, 0, 0, 0, 0, 0, 0, 0, 0, 0, 0, 0]"
CTPYDINQM_CASSPDRFSSGNTVYF,CTPYDINQM,Gag,SIV,MacacaMulatta,CASSPDRFSSGNTVYF,Mamu-A*01,VDJdb,1,"[2, 7, 23, 19, 28, 8, 13, 17, 20, 16, 3, 2, 7, 5, 22, 22, 19, 8, 21, 10, 22, 22, 11, 17, 23, 25, 28, 10, 3, 0, 0, 0, 0, 0, 0, 0, 0, 0, 0, 0]"
CRVLCCYVL_CASSLDKVGYEQYF,CRVLCCYVL,,Cytomegalovirus (CMV),Human,CASSLDKVGYEQYF,HLA-C*07:02,Control,0,"[2, 7, 21, 25, 15, 7, 7, 28, 25, 15, 3, 2, 7, 5, 22, 22, 15, 8, 14, 25, 11, 28, 9, 20, 28, 10, 3, 0, 0, 0, 0, 0, 0, 0, 0, 0, 0, 0, 0, 0]"
LPRRSGAAGA_CASSLSGRANEQFF,LPRRSGAAGA,,Influenza,Human,CASSLSGRANEQFF,HLA-B7,Control,0,"[2, 15, 19, 21, 21, 22, 11, 5, 5, 11, 5, 3, 2, 7, 5, 22, 22, 15, 22, 11, 21, 5, 17, 9, 20, 10, 10, 3, 0, 0, 0, 0, 0, 0, 0, 0, 0, 0, 0, 0]"
LPRRSGAAGA_CASDGGQKSGEQYF,LPRRSGAAGA,,Influenza,Human,CASDGGQKSGEQYF,HLA-B7,McPAS,1,"[2, 15, 19, 21, 21, 22, 11, 5, 5, 11, 5, 3, 2, 7, 5, 22, 8, 11, 11, 20, 14, 22, 11, 9, 20, 28, 10, 3, 0, 0, 0, 0, 0, 0, 0, 0, 0, 0, 0, 0]"
KRWIILGLNK_CASSSFGPSNQPQHF,KRWIILGLNK,Gag,HIV-1,HomoSapiens,CASSSFGPSNQPQHF,HLA-B*27:05,VDJdb,1,"[2, 14, 21, 26, 13, 13, 15, 11, 15, 17, 14, 3, 2, 7, 5, 22, 22, 22, 10, 11, 19, 22, 17, 20, 19, 20, 12, 10, 3, 0, 0, 0, 0, 0, 0, 0, 0, 0, 0, 0]"
SFHSLHLLF_CASSLTSVSYEQYF,SFHSLHLLF,,HTLV-1,Human,CASSLTSVSYEQYF,HLA-A*24:02,Control,0,"[2, 22, 10, 12, 22, 15, 12, 15, 15, 10, 3, 2, 7, 5, 22, 22, 15, 23, 22, 25, 22, 28, 9, 20, 28, 10, 3, 0, 0, 0, 0, 0, 0, 0, 0, 0, 0, 0, 0, 0]"
LPRRSGAAGA_CASSFSRGGGNIQYF,LPRRSGAAGA,,Influenza,Human,CASSFSRGGGNIQYF,HLA-B7,Control,0,"[2, 15, 19, 21, 21, 22, 11, 5, 5, 11, 5, 3, 2, 7, 5, 22, 22, 10, 22, 21, 11, 11, 11, 17, 13, 20, 28, 10, 3, 0, 0, 0, 0, 0, 0, 0, 0, 0, 0, 0]"
GILGFVFTL_CASSTHTLAEQFF,GILGFVFTL,,Influenza,Human,CASSTHTLAEQFF,HLA-A*02,McPAS,1,"[2, 11, 13, 15, 11, 10, 25, 10, 23, 15, 3, 2, 7, 5, 22, 22, 23, 12, 23, 15, 5, 9, 20, 10, 10, 3, 0, 0, 0, 0, 0, 0, 0, 0, 0, 0, 0, 0, 0, 0]"
GLCTLVAML_CASSLSPDNIGYGYTF,GLCTLVAML,BMLF,EBV,human,CASSLSPDNIGYGYTF,HLA-A*02:01,Control,0,"[2, 11, 15, 7, 23, 15, 25, 5, 16, 15, 3, 2, 7, 5, 22, 22, 15, 22, 19, 8, 17, 13, 11, 28, 11, 28, 23, 10, 3, 0, 0, 0, 0, 0, 0, 0, 0, 0, 0, 0]"
LPRRSGAAGA_CASIPAGTGGYEQYF,LPRRSGAAGA,,Influenza,Human,CASIPAGTGGYEQYF,HLA-B7,Control,0,"[2, 15, 19, 21, 21, 22, 11, 5, 5, 11, 5, 3, 2, 7, 5, 22, 13, 19, 5, 11, 23, 11, 11, 28, 9, 20, 28, 10, 3, 0, 0, 0, 0, 0, 0, 0, 0, 0, 0, 0]"
GILGFVFTL_CASSYTLPGTVPQRNQPQHF,GILGFVFTL,M,InfluenzaA,HomoSapiens,CASSYTLPGTVPQRNQPQHF,HLA-A*02:01,VDJdb,1,"[2, 11, 13, 15, 11, 10, 25, 10, 23, 15, 3, 2, 7, 5, 22, 22, 28, 23, 15, 19, 11, 23, 25, 19, 20, 21, 17, 20, 19, 20, 12, 10, 3, 0, 0, 0, 0, 0, 0, 0]"
LPRRSGAAGA_CSVEGMEETQYF,LPRRSGAAGA,,Influenza,Human,CSVEGMEETQYF,HLA-B7,Control,0,"[2, 15, 19, 21, 21, 22, 11, 5, 5, 11, 5, 3, 2, 7, 22, 25, 9, 11, 16, 9, 9, 23, 20, 28, 10, 3, 0, 0, 0, 0, 0, 0, 0, 0, 0, 0, 0, 0, 0, 0]"
GILGFVFTL_CASSPPGVREQFF,GILGFVFTL,,Influenza,Human,CASSPPGVREQFF,HLA-A2,McPAS,1,"[2, 11, 13, 15, 11, 10, 25, 10, 23, 15, 3, 2, 7, 5, 22, 22, 19, 19, 11, 25, 21, 9, 20, 10, 10, 3, 0, 0, 0, 0, 0, 0, 0, 0, 0, 0, 0, 0, 0, 0]"
FRCPRRFCF_CASSESQGPYEQYF,FRCPRRFCF,,Cytomegalovirus (CMV),Human,CASSESQGPYEQYF,HLA-C*07:02,Control,0,"[2, 10, 21, 7, 19, 21, 21, 10, 7, 10, 3, 2, 7, 5, 22, 22, 9, 22, 20, 11, 19, 28, 9, 20, 28, 10, 3, 0, 0, 0, 0, 0, 0, 0, 0, 0, 0, 0, 0, 0]"
LPRRSGAAGA_CASSLGLAGGQETQYF,LPRRSGAAGA,,Influenza,Human,CASSLGLAGGQETQYF,HLA-B7,McPAS,1,"[2, 15, 19, 21, 21, 22, 11, 5, 5, 11, 5, 3, 2, 7, 5, 22, 22, 15, 11, 15, 5, 11, 11, 20, 9, 23, 20, 28, 10, 3, 0, 0, 0, 0, 0, 0, 0, 0, 0, 0]"
SSLENFRAYV_CASKGTGIYEQYF,SSLENFRAYV,,Influenza,Mouse,CASKGTGIYEQYF,H-2Db,Control,0,"[2, 22, 22, 15, 9, 17, 10, 21, 5, 28, 25, 3, 2, 7, 5, 22, 14, 11, 23, 11, 13, 28, 9, 20, 28, 10, 3, 0, 0, 0, 0, 0, 0, 0, 0, 0, 0, 0, 0, 0]"
LPRRSGAAGA_CAWNKGIAGYTF,LPRRSGAAGA,,Influenza,Human,CAWNKGIAGYTF,HLA-B7,McPAS,1,"[2, 15, 19, 21, 21, 22, 11, 5, 5, 11, 5, 3, 2, 7, 5, 26, 17, 14, 11, 13, 5, 11, 28, 23, 10, 3, 0, 0, 0, 0, 0, 0, 0, 0, 0, 0, 0, 0, 0, 0]"
LPRRSGAAGA_CASSRDIDPSGDTQYF,LPRRSGAAGA,,Influenza,Human,CASSRDIDPSGDTQYF,HLA-B7,Control,0,"[2, 15, 19, 21, 21, 22, 11, 5, 5, 11, 5, 3, 2, 7, 5, 22, 22, 21, 8, 13, 8, 19, 22, 11, 8, 23, 20, 28, 10, 3, 0, 0, 0, 0, 0, 0, 0, 0, 0, 0]"
SFHSLHLLF_CAIGGGGAETQYF,SFHSLHLLF,,HTLV-1,Human,CAIGGGGAETQYF,HLA-A*24:02,McPAS,1,"[2, 22, 10, 12, 22, 15, 12, 15, 15, 10, 3, 2, 7, 5, 13, 11, 11, 11, 11, 5, 9, 23, 20, 28, 10, 3, 0, 0, 0, 0, 0, 0, 0, 0, 0, 0, 0, 0, 0, 0]"
LLWNGPMAV_CASSIQGRGDTEAFF,LLWNGPMAV,,Yellow fever virus,Human,CASSIQGRGDTEAFF,HLA-A2,McPAS,1,"[2, 15, 15, 26, 17, 11, 19, 16, 5, 25, 3, 2, 7, 5, 22, 22, 13, 20, 11, 21, 11, 8, 23, 9, 5, 10, 10, 3, 0, 0, 0, 0, 0, 0, 0, 0, 0, 0, 0, 0]"
KRWIILGLNK_CASSVRRELANTGELFF,KRWIILGLNK,,Human immunodeficiency virus (HIV),Human,CASSVRRELANTGELFF,HLA-B*27:05,Control,0,"[2, 14, 21, 26, 13, 13, 15, 11, 15, 17, 14, 3, 2, 7, 5, 22, 22, 25, 21, 21, 9, 15, 5, 17, 23, 11, 9, 15, 10, 10, 3, 0, 0, 0, 0, 0, 0, 0, 0, 0]"
LLWNGPMAV_CASSQARNTGELFF,LLWNGPMAV,,Yellow fever virus,Human,CASSQARNTGELFF,HLA-A*02:01,Control,0,"[2, 15, 15, 26, 17, 11, 19, 16, 5, 25, 3, 2, 7, 5, 22, 22, 20, 5, 21, 17, 23, 11, 9, 15, 10, 10, 3, 0, 0, 0, 0, 0, 0, 0, 0, 0, 0, 0, 0, 0]"
LPRRSGAAGA_CASSFNRNTEAFF,LPRRSGAAGA,,Influenza,Human,CASSFNRNTEAFF,HLA-B7,Control,0,"[2, 15, 19, 21, 21, 22, 11, 5, 5, 11, 5, 3, 2, 7, 5, 22, 22, 10, 17, 21, 17, 23, 9, 5, 10, 10, 3, 0, 0, 0, 0, 0, 0, 0, 0, 0, 0, 0, 0, 0]"
CRVLCCYVL_CASSEGLGLGYTF,CRVLCCYVL,,Cytomegalovirus (CMV),Human,CASSEGLGLGYTF,HLA-C*07:02,McPAS,1,"[2, 7, 21, 25, 15, 7, 7, 28, 25, 15, 3, 2, 7, 5, 22, 22, 9, 11, 15, 11, 15, 11, 28, 23, 10, 3, 0, 0, 0, 0, 0, 0, 0, 0, 0, 0, 0, 0, 0, 0]"
SSLENFRAYV_CASSATGSSVETQYF,SSLENFRAYV,,Influenza,Mouse,CASSATGSSVETQYF,H-2b,Control,0,"[2, 22, 22, 15, 9, 17, 10, 21, 5, 28, 25, 3, 2, 7, 5, 22, 22, 5, 23, 11, 22, 22, 25, 9, 23, 20, 28, 10, 3, 0, 0, 0, 0, 0, 0, 0, 0, 0, 0, 0]"
GILGFVFTL_CASSYGQGLYEQYF,GILGFVFTL,,Influenza,Human,CASSYGQGLYEQYF,HLA-A*02:05,McPAS,1,"[2, 11, 13, 15, 11, 10, 25, 10, 23, 15, 3, 2, 7, 5, 22, 22, 28, 11, 20, 11, 15, 28, 9, 20, 28, 10, 3, 0, 0, 0, 0, 0, 0, 0, 0, 0, 0, 0, 0, 0]"
VTEHDTLLY_CASSLFGGNTEAFF,VTEHDTLLY,,Cytomegalovirus (CMV),Human,CASSLFGGNTEAFF,HLA-A1,McPAS,1,"[2, 25, 23, 9, 12, 8, 23, 15, 15, 28, 3, 2, 7, 5, 22, 22, 15, 10, 11, 11, 17, 23, 9, 5, 10, 10, 3, 0, 0, 0, 0, 0, 0, 0, 0, 0, 0, 0, 0, 0]"
KAFSPEVIPMF_CASTGSGYGYTF,KAFSPEVIPMF,,Human immunodeficiency virus (HIV),Human,CASTGSGYGYTF,HLA-B*57:01,McPAS,1,"[2, 14, 5, 10, 22, 19, 9, 25, 13, 19, 16, 10, 3, 2, 7, 5, 22, 23, 11, 22, 11, 28, 11, 28, 23, 10, 3, 0, 0, 0, 0, 0, 0, 0, 0, 0, 0, 0, 0, 0]"
NLVPMVATV_CAWIPGTGGAGGLF,NLVPMVATV,,Cytomegalovirus (CMV),Human,CAWIPGTGGAGGLF,HLA-A*02:01,McPAS,1,"[2, 17, 15, 25, 19, 16, 25, 5, 23, 25, 3, 2, 7, 5, 26, 13, 19, 11, 23, 11, 11, 5, 11, 11, 15, 10, 3, 0, 0, 0, 0, 0, 0, 0, 0, 0, 0, 0, 0, 0]"
RPHERNGFTVL_CASSPNTGLHEQYF,RPHERNGFTVL,,Cytomegalovirus (CMV),Human,CASSPNTGLHEQYF,HLA-B*07:02,McPAS,1,"[2, 21, 19, 12, 9, 21, 17, 11, 10, 23, 25, 15, 3, 2, 7, 5, 22, 22, 19, 17, 23, 11, 15, 12, 9, 20, 28, 10, 3, 0, 0, 0, 0, 0, 0, 0, 0, 0, 0, 0]"
EIYKRWII_CASSPSFPPDTQYF,EIYKRWII,,Human immunodeficiency virus (HIV),Human,CASSPSFPPDTQYF,HLA-B*08,McPAS,1,"[2, 9, 13, 28, 14, 21, 26, 13, 13, 3, 2, 7, 5, 22, 22, 19, 22, 10, 19, 19, 8, 23, 20, 28, 10, 3, 0, 0, 0, 0, 0, 0, 0, 0, 0, 0, 0, 0, 0, 0]"
EAAGIGILTV_CATSDLLAYNEQFF,EAAGIGILTV,,Melanoma,Human,CATSDLLAYNEQFF,HLA-A*02:01,Control,0,"[2, 9, 5, 5, 11, 13, 11, 13, 15, 23, 25, 3, 2, 7, 5, 23, 22, 8, 15, 15, 5, 28, 17, 9, 20, 10, 10, 3, 0, 0, 0, 0, 0, 0, 0, 0, 0, 0, 0, 0]"
VTEHDTLLY_CAWSLPASYEQYF,VTEHDTLLY,,Cytomegalovirus (CMV),Human,CAWSLPASYEQYF,HLA-A1,McPAS,1,"[2, 25, 23, 9, 12, 8, 23, 15, 15, 28, 3, 2, 7, 5, 26, 22, 15, 19, 5, 22, 28, 9, 20, 28, 10, 3, 0, 0, 0, 0, 0, 0, 0, 0, 0, 0, 0, 0, 0, 0]"
TTPESANL_CASSQDRWGASNSPLYF,TTPESANL,Tat,SIV,MacacaMulatta,CASSQDRWGASNSPLYF,Mamu-A*01,VDJdb,1,"[2, 23, 23, 19, 9, 22, 5, 17, 15, 3, 2, 7, 5, 22, 22, 20, 8, 21, 26, 11, 5, 22, 17, 22, 19, 15, 28, 10, 3, 0, 0, 0, 0, 0, 0, 0, 0, 0, 0, 0]"
SSYRRPVGI_CASSGTGDTGQLYF,SSYRRPVGI,PB1,IAV,mouse,CASSGTGDTGQLYF,H2-Kb,Dash,1,"[2, 22, 22, 28, 21, 21, 19, 25, 11, 13, 3, 2, 7, 5, 22, 22, 11, 23, 11, 8, 23, 11, 20, 15, 28, 10, 3, 0, 0, 0, 0, 0, 0, 0, 0, 0, 0, 0, 0, 0]"
FPRPWLHGL_CASSLYGGGEQPQHF,FPRPWLHGL,,Human immunodeficiency virus (HIV),Human,CASSLYGGGEQPQHF,HLA-B*42:01,McPAS,1,"[2, 10, 19, 21, 19, 26, 15, 12, 11, 15, 3, 2, 7, 5, 22, 22, 15, 28, 11, 11, 11, 9, 20, 19, 20, 12, 10, 3, 0, 0, 0, 0, 0, 0, 0, 0, 0, 0, 0, 0]"
NEGVKAAW_CSATRGGWGDTQYF,NEGVKAAW,IE2,CMV,HomoSapiens,CSATRGGWGDTQYF,HLA-B*44:03:08,Control,0,"[2, 17, 9, 11, 25, 14, 5, 5, 26, 3, 2, 7, 22, 5, 23, 21, 11, 11, 26, 11, 8, 23, 20, 28, 10, 3, 0, 0, 0, 0, 0, 0, 0, 0, 0, 0, 0, 0, 0, 0]"
GLCTLVAML_CASSLESGRTNTEAFF,GLCTLVAML,,Epstein Barr virus (EBV),Human,CASSLESGRTNTEAFF,HLA-A2,McPAS,1,"[2, 11, 15, 7, 23, 15, 25, 5, 16, 15, 3, 2, 7, 5, 22, 22, 15, 9, 22, 11, 21, 23, 17, 23, 9, 5, 10, 10, 3, 0, 0, 0, 0, 0, 0, 0, 0, 0, 0, 0]"
LLWNGPMAV_CAVGAGATYEQYF,LLWNGPMAV,,Yellow fever virus,Human,CAVGAGATYEQYF,HLA-A*02:01,McPAS,1,"[2, 15, 15, 26, 17, 11, 19, 16, 5, 25, 3, 2, 7, 5, 25, 11, 5, 11, 5, 23, 28, 9, 20, 28, 10, 3, 0, 0, 0, 0, 0, 0, 0, 0, 0, 0, 0, 0, 0, 0]"
LPPIVAKEI_CASRDRQSHEQY,LPPIVAKEI,,Human immunodeficiency virus (HIV),Human,CASRDRQSHEQY,HLA-B*42:01,McPAS,1,"[2, 15, 19, 19, 13, 25, 5, 14, 9, 13, 3, 2, 7, 5, 22, 21, 8, 21, 20, 22, 12, 9, 20, 28, 3, 0, 0, 0, 0, 0, 0, 0, 0, 0, 0, 0, 0, 0, 0, 0]"
RAKFKQLL_CSVGSGEDNEQFF,RAKFKQLL,BZLF1,EBV,HomoSapiens,CSVGSGEDNEQFF,HLA-B*08:01,VDJdb,1,"[2, 21, 5, 14, 10, 14, 20, 15, 15, 3, 2, 7, 22, 25, 11, 22, 11, 9, 8, 17, 9, 20, 10, 10, 3, 0, 0, 0, 0, 0, 0, 0, 0, 0, 0, 0, 0, 0, 0, 0]"
ACASQKRPSQR_CASSIDGSSGANVLTF,ACASQKRPSQR,,Experimental autoimmune encephalomyelitis (EAE),Mouse,CASSIDGSSGANVLTF,H-2u,Control,0,"[2, 5, 7, 5, 22, 20, 14, 21, 19, 22, 20, 21, 3, 2, 7, 5, 22, 22, 13, 8, 11, 22, 22, 11, 5, 17, 25, 15, 23, 10, 3, 0, 0, 0, 0, 0, 0, 0, 0, 0]"
ASNENMETM_CASSDHRTTEVFF,ASNENMETM,NP,IAV,mouse,CASSDHRTTEVFF,H2-Db,Dash,1,"[2, 5, 22, 17, 9, 17, 16, 9, 23, 16, 3, 2, 7, 5, 22, 22, 8, 12, 21, 23, 23, 9, 25, 10, 10, 3, 0, 0, 0, 0, 0, 0, 0, 0, 0, 0, 0, 0, 0, 0]"
EAAGIGILTV_CASSMRGSYEQYF,EAAGIGILTV,,Melanoma,Human,CASSMRGSYEQYF,HLA-A*02:01,Control,0,"[2, 9, 5, 5, 11, 13, 11, 13, 15, 23, 25, 3, 2, 7, 5, 22, 22, 16, 21, 11, 22, 28, 9, 20, 28, 10, 3, 0, 0, 0, 0, 0, 0, 0, 0, 0, 0, 0, 0, 0]"
LPRRSGAAGA_CASSLSGTGRTEAFF,LPRRSGAAGA,,Influenza,Human,CASSLSGTGRTEAFF,HLA-B7,Control,0,"[2, 15, 19, 21, 21, 22, 11, 5, 5, 11, 5, 3, 2, 7, 5, 22, 22, 15, 22, 11, 23, 11, 21, 23, 9, 5, 10, 10, 3, 0, 0, 0, 0, 0, 0, 0, 0, 0, 0, 0]"
ASNENMETM_CASSSVGEQYF,ASNENMETM,NP,IAV,mouse,CASSSVGEQYF,H2-Db,Control,0,"[2, 5, 22, 17, 9, 17, 16, 9, 23, 16, 3, 2, 7, 5, 22, 22, 22, 25, 11, 9, 20, 28, 10, 3, 0, 0, 0, 0, 0, 0, 0, 0, 0, 0, 0, 0, 0, 0, 0, 0]"
LPRRSGAAGA_CATTGTSGSHPAYEQYF,LPRRSGAAGA,,Influenza,Human,CATTGTSGSHPAYEQYF,HLA-B7,Control,0,"[2, 15, 19, 21, 21, 22, 11, 5, 5, 11, 5, 3, 2, 7, 5, 23, 23, 11, 23, 22, 11, 22, 12, 19, 5, 28, 9, 20, 28, 10, 3, 0, 0, 0, 0, 0, 0, 0, 0, 0]"
NLVPMVATV_CASSRATTDTQYF,NLVPMVATV,pp65,CMV,HomoSapiens,CASSRATTDTQYF,HLA-A*02,Control,0,"[2, 17, 15, 25, 19, 16, 25, 5, 23, 25, 3, 2, 7, 5, 22, 22, 21, 5, 23, 23, 8, 23, 20, 28, 10, 3, 0, 0, 0, 0, 0, 0, 0, 0, 0, 0, 0, 0, 0, 0]"
FRCPRRFCF_CASSLEWLGLTTDTQYF,FRCPRRFCF,,Cytomegalovirus (CMV),Human,CASSLEWLGLTTDTQYF,HLA-C*07:02,McPAS,1,"[2, 10, 21, 7, 19, 21, 21, 10, 7, 10, 3, 2, 7, 5, 22, 22, 15, 9, 26, 15, 11, 15, 23, 23, 8, 23, 20, 28, 10, 3, 0, 0, 0, 0, 0, 0, 0, 0, 0, 0]"
CTPYDINQM_CASSFLLQVLGKLFF,CTPYDINQM,Gag,SIV,MacacaMulatta,CASSFLLQVLGKLFF,Mamu-A*01,VDJdb,1,"[2, 7, 23, 19, 28, 8, 13, 17, 20, 16, 3, 2, 7, 5, 22, 22, 10, 15, 15, 20, 25, 15, 11, 14, 15, 10, 10, 3, 0, 0, 0, 0, 0, 0, 0, 0, 0, 0, 0, 0]"
HGIRNASFI_CASTILGGATDTQYF,HGIRNASFI,M45,mCMV,mouse,CASTILGGATDTQYF,H2-Db,Control,0,"[2, 12, 11, 13, 21, 17, 5, 22, 10, 13, 3, 2, 7, 5, 22, 23, 13, 15, 11, 11, 5, 23, 8, 23, 20, 28, 10, 3, 0, 0, 0, 0, 0, 0, 0, 0, 0, 0, 0, 0]"
LPPIVAKEI_CASSSRQGKEAFF,LPPIVAKEI,Pol,HIV-1,HomoSapiens,CASSSRQGKEAFF,HLA-B*42:01,VDJdb,1,"[2, 15, 19, 19, 13, 25, 5, 14, 9, 13, 3, 2, 7, 5, 22, 22, 22, 21, 20, 11, 14, 9, 5, 10, 10, 3, 0, 0, 0, 0, 0, 0, 0, 0, 0, 0, 0, 0, 0, 0]"
RPHERNGFTVL_CASSPARNTEAFF,RPHERNGFTVL,pp65,CMV,HomoSapiens,CASSPARNTEAFF,HLA-B*07:02,VDJdb,1,"[2, 21, 19, 12, 9, 21, 17, 11, 10, 23, 25, 15, 3, 2, 7, 5, 22, 22, 19, 5, 21, 17, 23, 9, 5, 10, 10, 3, 0, 0, 0, 0, 0, 0, 0, 0, 0, 0, 0, 0]"
RPRGEVRFL_CASRKTGGGEAF,RPRGEVRFL,,Herpes simplex virus 2 (HSV2),Human,CASRKTGGGEAF,HLA-B*07:02,McPAS,1,"[2, 21, 19, 21, 11, 9, 25, 21, 10, 15, 3, 2, 7, 5, 22, 21, 14, 23, 11, 11, 11, 9, 5, 10, 3, 0, 0, 0, 0, 0, 0, 0, 0, 0, 0, 0, 0, 0, 0, 0]"
LLWNGPMAV_CASSDSGTDTQYF,LLWNGPMAV,NS4B,YFV,HomoSapiens,CASSDSGTDTQYF,HLA-A*02,VDJdb,1,"[2, 15, 15, 26, 17, 11, 19, 16, 5, 25, 3, 2, 7, 5, 22, 22, 8, 22, 11, 23, 8, 23, 20, 28, 10, 3, 0, 0, 0, 0, 0, 0, 0, 0, 0, 0, 0, 0, 0, 0]"
LLWNGPMAV_CASGTGTPYNEQFF,LLWNGPMAV,,Yellow fever virus,Human,CASGTGTPYNEQFF,HLA-A*02:01,McPAS,1,"[2, 15, 15, 26, 17, 11, 19, 16, 5, 25, 3, 2, 7, 5, 22, 11, 23, 11, 23, 19, 28, 17, 9, 20, 10, 10, 3, 0, 0, 0, 0, 0, 0, 0, 0, 0, 0, 0, 0, 0]"
LPRRSGAAGA_CASQGPGLNGYTF,LPRRSGAAGA,,Influenza,Human,CASQGPGLNGYTF,HLA-B7,McPAS,1,"[2, 15, 19, 21, 21, 22, 11, 5, 5, 11, 5, 3, 2, 7, 5, 22, 20, 11, 19, 11, 15, 17, 11, 28, 23, 10, 3, 0, 0, 0, 0, 0, 0, 0, 0, 0, 0, 0, 0, 0]"
GILGFVFTL_CASSADGILNTEAF,GILGFVFTL,,Influenza,Human,CASSADGILNTEAF,HLA-A*02:01,McPAS,1,"[2, 11, 13, 15, 11, 10, 25, 10, 23, 15, 3, 2, 7, 5, 22, 22, 5, 8, 11, 13, 15, 17, 23, 9, 5, 10, 3, 0, 0, 0, 0, 0, 0, 0, 0, 0, 0, 0, 0, 0]"
TVYGFCLL_CASSWDRGREQYF,TVYGFCLL,m139,mCMV,mouse,CASSWDRGREQYF,H2-Kb,Dash,1,"[2, 23, 25, 28, 11, 10, 7, 15, 15, 3, 2, 7, 5, 22, 22, 26, 8, 21, 11, 21, 9, 20, 28, 10, 3, 0, 0, 0, 0, 0, 0, 0, 0, 0, 0, 0, 0, 0, 0, 0]"
HPKVSSEVHI_CSATSRDGDNEQF,HPKVSSEVHI,,Human immunodeficiency virus (HIV),Human,CSATSRDGDNEQF,HLA-B*42:01,McPAS,1,"[2, 12, 19, 14, 25, 22, 22, 9, 25, 12, 13, 3, 2, 7, 22, 5, 23, 22, 21, 8, 11, 8, 17, 9, 20, 10, 3, 0, 0, 0, 0, 0, 0, 0, 0, 0, 0, 0, 0, 0]"
IMNDMPIYM_CASSFDGHARNTGELFF,IMNDMPIYM,,Tumor associated antigen (TAA),Human,CASSFDGHARNTGELFF,HLA-A2:01,Control,0,"[2, 13, 16, 17, 8, 16, 19, 13, 28, 16, 3, 2, 7, 5, 22, 22, 10, 8, 11, 12, 5, 21, 17, 23, 11, 9, 15, 10, 10, 3, 0, 0, 0, 0, 0, 0, 0, 0, 0, 0]"
GILGFVFTL_CASSLFTYEQYF,GILGFVFTL,,Influenza,Human,CASSLFTYEQYF,HLA-A*02:01,Control,0,"[2, 11, 13, 15, 11, 10, 25, 10, 23, 15, 3, 2, 7, 5, 22, 22, 15, 10, 23, 28, 9, 20, 28, 10, 3, 0, 0, 0, 0, 0, 0, 0, 0, 0, 0, 0, 0, 0, 0, 0]"
SSLENFRAYV_CASSAPNTLYF,SSLENFRAYV,PA,IAV,mouse,CASSAPNTLYF,H2-Db,Dash,1,"[2, 22, 22, 15, 9, 17, 10, 21, 5, 28, 25, 3, 2, 7, 5, 22, 22, 5, 19, 17, 23, 15, 28, 10, 3, 0, 0, 0, 0, 0, 0, 0, 0, 0, 0, 0, 0, 0, 0, 0]"
GILGFVFTL_CASSYRGHLRDYGYTF,GILGFVFTL,,Influenza,Human,CASSYRGHLRDYGYTF,HLA-A2,McPAS,1,"[2, 11, 13, 15, 11, 10, 25, 10, 23, 15, 3, 2, 7, 5, 22, 22, 28, 21, 11, 12, 15, 21, 8, 28, 11, 28, 23, 10, 3, 0, 0, 0, 0, 0, 0, 0, 0, 0, 0, 0]"
VTEHDTLLY_CASSLAVGTVNTEAFF,VTEHDTLLY,,Cytomegalovirus (CMV),Human,CASSLAVGTVNTEAFF,HLA-A1,Control,0,"[2, 25, 23, 9, 12, 8, 23, 15, 15, 28, 3, 2, 7, 5, 22, 22, 15, 5, 25, 11, 23, 25, 17, 23, 9, 5, 10, 10, 3, 0, 0, 0, 0, 0, 0, 0, 0, 0, 0, 0]"
NLVPMVATV_CASTIVSGYTF,NLVPMVATV,,Cytomegalovirus (CMV),Human,CASTIVSGYTF,HLA-A*02:01,McPAS,1,"[2, 17, 15, 25, 19, 16, 25, 5, 23, 25, 3, 2, 7, 5, 22, 23, 13, 25, 22, 11, 28, 23, 10, 3, 0, 0, 0, 0, 0, 0, 0, 0, 0, 0, 0, 0, 0, 0, 0, 0]"
ASNENMETM_CASSILGGGAETLYF,ASNENMETM,NP,IAV,mouse,CASSILGGGAETLYF,H2-Db,Dash,1,"[2, 5, 22, 17, 9, 17, 16, 9, 23, 16, 3, 2, 7, 5, 22, 22, 13, 15, 11, 11, 11, 5, 9, 23, 15, 28, 10, 3, 0, 0, 0, 0, 0, 0, 0, 0, 0, 0, 0, 0]"
EAAGIGILTV_CASSFGLGTEAFF,EAAGIGILTV,MLANA,HomoSapiens,HomoSapiens,CASSFGLGTEAFF,HLA-A*02:01,VDJdb,1,"[2, 9, 5, 5, 11, 13, 11, 13, 15, 23, 25, 3, 2, 7, 5, 22, 22, 10, 11, 15, 11, 23, 9, 5, 10, 10, 3, 0, 0, 0, 0, 0, 0, 0, 0, 0, 0, 0, 0, 0]"
LPRRSGAAGA_CSARDPDRGQETQYF,LPRRSGAAGA,,Influenza,Human,CSARDPDRGQETQYF,HLA-B7,McPAS,1,"[2, 15, 19, 21, 21, 22, 11, 5, 5, 11, 5, 3, 2, 7, 22, 5, 21, 8, 19, 8, 21, 11, 20, 9, 23, 20, 28, 10, 3, 0, 0, 0, 0, 0, 0, 0, 0, 0, 0, 0]"
NLNCCSVPV_CASSWGEGPYEQYF,NLNCCSVPV,,Neoantigen,Human,CASSWGEGPYEQYF,HLA-A2,Control,0,"[2, 17, 15, 17, 7, 7, 22, 25, 19, 25, 3, 2, 7, 5, 22, 22, 26, 11, 9, 11, 19, 28, 9, 20, 28, 10, 3, 0, 0, 0, 0, 0, 0, 0, 0, 0, 0, 0, 0, 0]"
GILGFVFTL_CSAVDSNSNQPQHF,GILGFVFTL,,Influenza,Human,CSAVDSNSNQPQHF,HLA-A2,McPAS,1,"[2, 11, 13, 15, 11, 10, 25, 10, 23, 15, 3, 2, 7, 22, 5, 25, 8, 22, 17, 22, 17, 20, 19, 20, 12, 10, 3, 0, 0, 0, 0, 0, 0, 0, 0, 0, 0, 0, 0, 0]"
GILGFVFTL_CSARGQQGAHEQYF,GILGFVFTL,,Influenza,Human,CSARGQQGAHEQYF,HLA-A2,McPAS,1,"[2, 11, 13, 15, 11, 10, 25, 10, 23, 15, 3, 2, 7, 22, 5, 21, 11, 20, 20, 11, 5, 12, 9, 20, 28, 10, 3, 0, 0, 0, 0, 0, 0, 0, 0, 0, 0, 0, 0, 0]"
LPRRSGAAGA_CASSWVASNEQFF,LPRRSGAAGA,,Influenza,Human,CASSWVASNEQFF,HLA-B7,Control,0,"[2, 15, 19, 21, 21, 22, 11, 5, 5, 11, 5, 3, 2, 7, 5, 22, 22, 26, 25, 5, 22, 17, 9, 20, 10, 10, 3, 0, 0, 0, 0, 0, 0, 0, 0, 0, 0, 0, 0, 0]"
IPSINVHHY_CASSPFVGQDYEQYF,IPSINVHHY,,Cytomegalovirus (CMV),Human,CASSPFVGQDYEQYF,HLA-B*35:01,Control,0,"[2, 13, 19, 22, 13, 17, 25, 12, 12, 28, 3, 2, 7, 5, 22, 22, 19, 10, 25, 11, 20, 8, 28, 9, 20, 28, 10, 3, 0, 0, 0, 0, 0, 0, 0, 0, 0, 0, 0, 0]"
KAFSPEVIPMF_CASSGLGGYT,KAFSPEVIPMF,,Human immunodeficiency virus (HIV),Human,CASSGLGGYT,HLA-B*57:03,McPAS,1,"[2, 14, 5, 10, 22, 19, 9, 25, 13, 19, 16, 10, 3, 2, 7, 5, 22, 22, 11, 15, 11, 11, 28, 23, 3, 0, 0, 0, 0, 0, 0, 0, 0, 0, 0, 0, 0, 0, 0, 0]"
GILGFVFTL_CSATEGGLWEQYF,GILGFVFTL,,Influenza,Human,CSATEGGLWEQYF,HLA-A2,McPAS,1,"[2, 11, 13, 15, 11, 10, 25, 10, 23, 15, 3, 2, 7, 22, 5, 23, 9, 11, 11, 15, 26, 9, 20, 28, 10, 3, 0, 0, 0, 0, 0, 0, 0, 0, 0, 0, 0, 0, 0, 0]"
TPRVTGGGAM_CASSLDYTEAFF,TPRVTGGGAM,,Cytomegalovirus (CMV),Human,CASSLDYTEAFF,HLA-B*07:02,McPAS,1,"[2, 23, 19, 21, 25, 23, 11, 11, 11, 5, 16, 3, 2, 7, 5, 22, 22, 15, 8, 28, 23, 9, 5, 10, 10, 3, 0, 0, 0, 0, 0, 0, 0, 0, 0, 0, 0, 0, 0, 0]"
STPESANL_CASSTSRLSNQPQYF,STPESANL,Tat,SIV,MacacaMulatta,CASSTSRLSNQPQYF,Mamu-A*01,VDJdb,1,"[2, 22, 23, 19, 9, 22, 5, 17, 15, 3, 2, 7, 5, 22, 22, 23, 22, 21, 15, 22, 17, 20, 19, 20, 28, 10, 3, 0, 0, 0, 0, 0, 0, 0, 0, 0, 0, 0, 0, 0]"
CRVLCCYVL_CASTTGTKRDEQYF,CRVLCCYVL,,Cytomegalovirus (CMV),Human,CASTTGTKRDEQYF,HLA-C*07:02,Control,0,"[2, 7, 21, 25, 15, 7, 7, 28, 25, 15, 3, 2, 7, 5, 22, 23, 23, 11, 23, 14, 21, 8, 9, 20, 28, 10, 3, 0, 0, 0, 0, 0, 0, 0, 0, 0, 0, 0, 0, 0]"
CRVLCCYVL_CASSLLGQGAETQYF,CRVLCCYVL,,Cytomegalovirus (CMV),Human,CASSLLGQGAETQYF,HLA-C*07:02,Control,0,"[2, 7, 21, 25, 15, 7, 7, 28, 25, 15, 3, 2, 7, 5, 22, 22, 15, 15, 11, 20, 11, 5, 9, 23, 20, 28, 10, 3, 0, 0, 0, 0, 0, 0, 0, 0, 0, 0, 0, 0]"
LLWNGPMAV_CSASEAGGSYEQYF,LLWNGPMAV,,Yellow fever virus,Human,CSASEAGGSYEQYF,HLA-A*02:01,McPAS,1,"[2, 15, 15, 26, 17, 11, 19, 16, 5, 25, 3, 2, 7, 22, 5, 22, 9, 5, 11, 11, 22, 28, 9, 20, 28, 10, 3, 0, 0, 0, 0, 0, 0, 0, 0, 0, 0, 0, 0, 0]"
SSPPMFRV_CASRDNNQDTQYF,SSPPMFRV,M38,mCMV,mouse,CASRDNNQDTQYF,H2-Kb,Dash,1,"[2, 22, 22, 19, 19, 16, 10, 21, 25, 3, 2, 7, 5, 22, 21, 8, 17, 17, 20, 8, 23, 20, 28, 10, 3, 0, 0, 0, 0, 0, 0, 0, 0, 0, 0, 0, 0, 0, 0, 0]"
FRCPRRFCF_CASSPFHDSGHYGYTF,FRCPRRFCF,,Cytomegalovirus (CMV),Human,CASSPFHDSGHYGYTF,HLA-C*07:02,McPAS,1,"[2, 10, 21, 7, 19, 21, 21, 10, 7, 10, 3, 2, 7, 5, 22, 22, 19, 10, 12, 8, 22, 11, 12, 28, 11, 28, 23, 10, 3, 0, 0, 0, 0, 0, 0, 0, 0, 0, 0, 0]"
NLVPMVATV_CASSEDSGPGQPQHF,NLVPMVATV,pp65,CMV,HomoSapiens,CASSEDSGPGQPQHF,HLA-A*02,Control,0,"[2, 17, 15, 25, 19, 16, 25, 5, 23, 25, 3, 2, 7, 5, 22, 22, 9, 8, 22, 11, 19, 11, 20, 19, 20, 12, 10, 3, 0, 0, 0, 0, 0, 0, 0, 0, 0, 0, 0, 0]"
SSYRRPVGI_CATSPRGAALSKPQHF,SSYRRPVGI,PB1,IAV,mouse,CATSPRGAALSKPQHF,H2-Kb,Control,0,"[2, 22, 22, 28, 21, 21, 19, 25, 11, 13, 3, 2, 7, 5, 23, 22, 19, 21, 11, 5, 5, 15, 22, 14, 19, 20, 12, 10, 3, 0, 0, 0, 0, 0, 0, 0, 0, 0, 0, 0]"
GLCTLVAML_CASSQEIPYEQFF,GLCTLVAML,,Epstein Barr virus (EBV),Human,CASSQEIPYEQFF,HLA-A2,McPAS,1,"[2, 11, 15, 7, 23, 15, 25, 5, 16, 15, 3, 2, 7, 5, 22, 22, 20, 9, 13, 19, 28, 9, 20, 10, 10, 3, 0, 0, 0, 0, 0, 0, 0, 0, 0, 0, 0, 0, 0, 0]"
NLVPMVATV_CASGTGYSGNTIYF,NLVPMVATV,pp65,CMV,HomoSapiens,CASGTGYSGNTIYF,HLA-A*02:01,Control,0,"[2, 17, 15, 25, 19, 16, 25, 5, 23, 25, 3, 2, 7, 5, 22, 11, 23, 11, 28, 22, 11, 17, 23, 13, 28, 10, 3, 0, 0, 0, 0, 0, 0, 0, 0, 0, 0, 0, 0, 0]"
SSLENFRAYV_CASGDLQEGEEVFF,SSLENFRAYV,,Influenza,Mouse,CASGDLQEGEEVFF,H-2Db,McPAS,1,"[2, 22, 22, 15, 9, 17, 10, 21, 5, 28, 25, 3, 2, 7, 5, 22, 11, 8, 15, 20, 9, 11, 9, 9, 25, 10, 10, 3, 0, 0, 0, 0, 0, 0, 0, 0, 0, 0, 0, 0]"
RAKFKQLL_CSAYSLIRTSEAFF,RAKFKQLL,BZLF1,EBV,HomoSapiens,CSAYSLIRTSEAFF,HLA-B*08:01,Control,0,"[2, 21, 5, 14, 10, 14, 20, 15, 15, 3, 2, 7, 22, 5, 28, 22, 15, 13, 21, 23, 22, 9, 5, 10, 10, 3, 0, 0, 0, 0, 0, 0, 0, 0, 0, 0, 0, 0, 0, 0]"
SSLENFRAYV_CASSEGERLFF,SSLENFRAYV,PA,IAV,mouse,CASSEGERLFF,H2-Db,Dash,1,"[2, 22, 22, 15, 9, 17, 10, 21, 5, 28, 25, 3, 2, 7, 5, 22, 22, 9, 11, 9, 21, 15, 10, 10, 3, 0, 0, 0, 0, 0, 0, 0, 0, 0, 0, 0, 0, 0, 0, 0]"
CRVLCCYVL_CASSYPDTQYF,CRVLCCYVL,,Cytomegalovirus (CMV),Human,CASSYPDTQYF,HLA-C*07:02,McPAS,1,"[2, 7, 21, 25, 15, 7, 7, 28, 25, 15, 3, 2, 7, 5, 22, 22, 28, 19, 8, 23, 20, 28, 10, 3, 0, 0, 0, 0, 0, 0, 0, 0, 0, 0, 0, 0, 0, 0, 0, 0]"
LSLRNPILV_CASSGGQLNTEVFF,LSLRNPILV,F2,IAV,mouse,CASSGGQLNTEVFF,H2-Db,Dash,1,"[2, 15, 22, 15, 21, 17, 19, 13, 15, 25, 3, 2, 7, 5, 22, 22, 11, 11, 20, 15, 17, 23, 9, 25, 10, 10, 3, 0, 0, 0, 0, 0, 0, 0, 0, 0, 0, 0, 0, 0]"
GILGFVFTL_CASSYSLAAAYNEQFF,GILGFVFTL,,Influenza,Human,CASSYSLAAAYNEQFF,HLA-A2,McPAS,1,"[2, 11, 13, 15, 11, 10, 25, 10, 23, 15, 3, 2, 7, 5, 22, 22, 28, 22, 15, 5, 5, 5, 28, 17, 9, 20, 10, 10, 3, 0, 0, 0, 0, 0, 0, 0, 0, 0, 0, 0]"
GILGFVFTL_CASRDRVGGRETQYF,GILGFVFTL,M,InfluenzaA,HomoSapiens,CASRDRVGGRETQYF,HLA-A*02:01,Control,0,"[2, 11, 13, 15, 11, 10, 25, 10, 23, 15, 3, 2, 7, 5, 22, 21, 8, 21, 25, 11, 11, 21, 9, 23, 20, 28, 10, 3, 0, 0, 0, 0, 0, 0, 0, 0, 0, 0, 0, 0]"
LPRRSGAAGA_CSARTGHSNQPQHF,LPRRSGAAGA,,Influenza,Human,CSARTGHSNQPQHF,HLA-B7,Control,0,"[2, 15, 19, 21, 21, 22, 11, 5, 5, 11, 5, 3, 2, 7, 22, 5, 21, 23, 11, 12, 22, 17, 20, 19, 20, 12, 10, 3, 0, 0, 0, 0, 0, 0, 0, 0, 0, 0, 0, 0]"
TPGPGVRYPL_CASSQFTGTQETQYF,TPGPGVRYPL,,Human immunodeficiency virus (HIV),Human,CASSQFTGTQETQYF,HLA-B*42:01,McPAS,1,"[2, 23, 19, 11, 19, 11, 25, 21, 28, 19, 15, 3, 2, 7, 5, 22, 22, 20, 10, 23, 11, 23, 20, 9, 23, 20, 28, 10, 3, 0, 0, 0, 0, 0, 0, 0, 0, 0, 0, 0]"
GILGFVFTL_CASSMVGGSYNEQFF,GILGFVFTL,M,InfluenzaA,HomoSapiens,CASSMVGGSYNEQFF,HLA-A*02:01,VDJdb,1,"[2, 11, 13, 15, 11, 10, 25, 10, 23, 15, 3, 2, 7, 5, 22, 22, 16, 25, 11, 11, 22, 28, 17, 9, 20, 10, 10, 3, 0, 0, 0, 0, 0, 0, 0, 0, 0, 0, 0, 0]"
GPGHKARVL_CASSFAKTQYF,GPGHKARVL,Gag,HIV-1,HomoSapiens,CASSFAKTQYF,HLA-B*07:02,Control,0,"[2, 11, 19, 11, 12, 14, 5, 21, 25, 15, 3, 2, 7, 5, 22, 22, 10, 5, 14, 23, 20, 28, 10, 3, 0, 0, 0, 0, 0, 0, 0, 0, 0, 0, 0, 0, 0, 0, 0, 0]"
GILGFVFTL_CASGNRQGAGEQYF,GILGFVFTL,,Influenza,Human,CASGNRQGAGEQYF,HLA-A2,Control,0,"[2, 11, 13, 15, 11, 10, 25, 10, 23, 15, 3, 2, 7, 5, 22, 11, 17, 21, 20, 11, 5, 11, 9, 20, 28, 10, 3, 0, 0, 0, 0, 0, 0, 0, 0, 0, 0, 0, 0, 0]"
QVPLRPMTYK_CASRETGWGNQPQHF,QVPLRPMTYK,Nef,HIV-1,HomoSapiens,CASRETGWGNQPQHF,HLA-A*03,VDJdb,1,"[2, 20, 25, 19, 15, 21, 19, 16, 23, 28, 14, 3, 2, 7, 5, 22, 21, 9, 23, 11, 26, 11, 17, 20, 19, 20, 12, 10, 3, 0, 0, 0, 0, 0, 0, 0, 0, 0, 0, 0]"
LPRRSGAAGA_CASLGPTEQDSGANVLTF,LPRRSGAAGA,,Influenza,Human,CASLGPTEQDSGANVLTF,HLA-B7,McPAS,1,"[2, 15, 19, 21, 21, 22, 11, 5, 5, 11, 5, 3, 2, 7, 5, 22, 15, 11, 19, 23, 9, 20, 8, 22, 11, 5, 17, 25, 15, 23, 10, 3, 0, 0, 0, 0, 0, 0, 0, 0]"
KAFSPEVIPMF_CASSELGATIYEQYF,KAFSPEVIPMF,,Human immunodeficiency virus (HIV),Human,CASSELGATIYEQYF,HLA-B*57,McPAS,1,"[2, 14, 5, 10, 22, 19, 9, 25, 13, 19, 16, 10, 3, 2, 7, 5, 22, 22, 9, 15, 11, 5, 23, 13, 28, 9, 20, 28, 10, 3, 0, 0, 0, 0, 0, 0, 0, 0, 0, 0]"
GLCTLVAML_CASGGHNEQFF,GLCTLVAML,,Epstein Barr virus (EBV),Human,CASGGHNEQFF,HLA-A2,McPAS,1,"[2, 11, 15, 7, 23, 15, 25, 5, 16, 15, 3, 2, 7, 5, 22, 11, 11, 12, 17, 9, 20, 10, 10, 3, 0, 0, 0, 0, 0, 0, 0, 0, 0, 0, 0, 0, 0, 0, 0, 0]"
